1,1,稚内,11,47401,45,24.9,141,40.7,2.8
2,2,沓形,11,0002,45,10.7,141,08.3,14
3,3,浜頓別,11,0003,45,07.5,142,21.0,18
4,4,北見枝幸,11,47402,44,56.4,142,35.1,6.7
5,5,歌登,11,0005,44,50.5,142,28.8,14
6,6,中頓別,11,1051,44,57.9,142,16.8,25
7,7,豊富,11,1054,45,06.4,141,45.9,16
8,8,沼川,11,1203,45,14.9,141,51.1,23
9,9,船泊,11,1207,45,26.2,141,02.1,8
10,10,宗谷岬,11,1284,45,31.2,141,56.1,26
11,11,浜鬼志別,11,1285,45,20.1,142,10.2,13
12,12,本泊,11,1512,45,14.5,141,11.2,30
13,13,声問,11,1528,45,24.2,141,48.0,8
14,14,礼文,11,1546,45,18.3,141,02.7,65
15,15,幌泊,11,1593,45,27.3,141,02.3,27
16,16,幌延,11,1573,45,00.4,141,51.1,5
17,17,礼文上泊埼,11,1656,45,25.4,141,03.9,13
18,1,美深,12,0006,44,28.8,142,20.5,77
19,2,ピヤシリ山,12,0007,44,26.1,142,34.9,980
20,3,名寄,12,0008,44,22.2,142,27.4,89
21,4,西風連,12,0009,44,17.7,142,21.5,128
22,5,下川,12,0010,44,18.1,142,37.4,140
23,6,士別,12,0011,44,11.2,142,25.0,135
24,7,犬牛別峠,12,0012,44,04.2,142,16.2,410
25,8,雄鷹峰,12,0013,43,57.2,142,19.2,305
26,9,蓬莱山,12,0014,43,54.8,142,35.0,320
27,10,上川,12,0015,43,50.8,142,45.2,324
28,11,旭川,12,47407,43,45.4,142,22.3,119.8
29,12,瑞穂,12,0017,43,44.2,142,38.3,289
30,13,終沢,12,0018,43,37.8,142,20.1,550
31,14,旭岳,12,0019,43,39.7,142,49.6,1620
32,15,白金,12,0020,43,28.5,142,39.0,658
33,16,富良野,12,0021,43,20.0,142,24.0,174
34,17,前富良野岳,12,0022,43,22.6,142,34.1,746
35,18,前時雨山,12,0023,43,11.1,142,20.8,380
36,19,朝日,12,1047,44,07.1,142,35.7,225
37,20,比布,12,1048,43,52.5,142,28.8,175
38,21,層雲峡,12,1049,43,45.2,142,55.8,540
39,22,美瑛,12,1052,43,35.3,142,29.6,250
40,23,和寒,12,1055,44,01.7,142,24.6,150
41,24,東川,12,1184,43,42.1,142,30.5,215
42,25,志比内,12,1185,43,38.6,142,34.9,310
43,26,幾寅,12,1188,43,10.1,142,34.1,350
44,27,占冠,12,1189,42,58.7,142,23.7,332
45,28,上富良野,12,1190,43,27.3,142,27.9,220
46,29,江丹別,12,1191,43,52.2,142,15.6,140
47,30,音威子府,12,1197,44,43.6,142,15.9,40
48,31,中川,12,1201,44,49.7,142,04.6,22
49,32,麓郷,12,1280,43,18.1,142,31.3,315
50,33,東神楽,12,1458,43,40.2,142,26.8,211
51,34,小車,12,1570,44,36.5,142,17.7,62
52,35,剣淵,12,1572,44,06.4,142,21.2,138
53,36,金山,12,1574,43,08.3,142,25.0,284
54,37,幌加内,12,1053,44,00.6,142,09.6,159
55,38,朱鞠内,12,1279,44,16.9,142,09.7,255
56,1,天塩,13,0024,44,53.6,141,45.7,9
57,2,遠別,13,0025,44,43.1,141,48.4,7
58,3,羽幌,13,47404,44,21.8,141,42.0,7.9
59,4,留萌,13,47406,43,56.7,141,37.9,23.6
60,5,増毛,13,0028,43,50.9,141,30.6,20
61,6,古丹別,13,1112,44,15.9,141,43.3,15
62,7,焼尻,13,1213,44,25.7,141,25.3,38
63,8,初山別,13,1216,44,31.4,141,46.2,27
64,9,達布,13,1217,44,02.9,141,51.4,30
65,10,幌糠,13,1218,43,51.2,141,45.6,20
66,1,阿曽岩,14,0029,43,18.1,141,30.8,320
67,2,新篠津,14,0030,43,13.2,141,38.7,9
68,3,山口,14,0031,43,08.9,141,13.3,5
69,4,手稲山,14,0032,43,05.0,141,12.1,568
70,5,札幌,14,47412,43,03.6,141,19.7,17.4
71,6,小金湯,14,0034,42,57.8,141,13.0,230
72,7,恵庭島松,14,0035,42,55.6,141,33.9,30
73,8,島松山,14,0036,42,53.7,141,24.8,400
74,9,支笏湖畔,14,0037,42,46.3,141,24.4,290
75,10,西野幌,14,1076,43,02.6,141,32.4,22
76,11,石狩,14,1085,43,11.6,141,22.2,5
77,12,浜益,14,1193,43,34.9,141,23.2,3
78,13,厚田,14,1194,43,23.8,141,26.2,5
79,14,千歳,14,1459,42,46.5,141,41.5,22
80,15,江別,14,1507,43,06.6,141,36.1,8
81,1,石狩沼田,15,0038,43,48.9,141,55.6,63
82,2,深川,15,0039,43,43.1,142,04.4,55
83,3,常盤山,15,0040,43,45.6,142,12.1,560
84,4,滝川,15,0041,43,34.2,141,56.3,50
85,5,神威岳,15,0042,43,31.1,142,00.3,455
86,6,芦別,15,0043,43,31.2,142,11.4,91
87,7,美唄,15,0044,43,21.8,141,49.6,16
88,8,岩見沢,15,47413,43,12.7,141,47.1,42.3
89,9,下桂沢,15,0046,43,15.4,141,58.1,265
90,10,長沼,15,0047,43,00.7,141,41.6,13
91,11,丁未山,15,0048,43,04.9,141,57.4,663
92,12,夕張,15,0049,43,02.3,141,57.4,293
93,13,登川山,15,0050,42,55.4,142,05.7,365
94,14,月形,15,0999,43,19.8,141,37.0,50
95,15,栗沢,15,1068,43,07.3,141,44.7,20
96,16,晩生内,15,1270,43,24.3,141,45.0,140
97,17,桜山,15,1271,43,40.9,141,51.0,230
98,18,空知吉野,15,1287,43,35.7,141,43.9,100
99,19,浦臼,15,1400,43,25.7,141,48.5,25
100,20,鹿島,15,1401,43,04.8,142,06.0,310
101,21,沼の沢,15,1402,42,57.6,142,01.2,161
102,22,新城,15,1419,43,36.7,142,12.2,147
103,23,赤平,15,1566,43,33.2,142,04.0,120
104,24,雨竜,15,1567,43,39.6,141,53.5,42
105,1,美国,16,0051,43,16.3,140,33.8,75
106,2,余市,16,0052,43,10.9,140,45.5,20
107,3,小樽,16,47411,43,10.9,141,00.9,24.9
108,4,共和,16,0054,42,58.8,140,36.2,15
109,5,蘭越,16,0055,42,48.6,140,32.5,39
110,6,倶知安,16,47433,42,54.0,140,45.4,176.1
111,7,脇方台地,16,0057,42,52.6,140,56.7,525
112,8,寿都,16,47421,42,47.7,140,13.4,33.4
113,9,桂台,16,0059,42,45.1,140,37.1,333
114,10,喜茂別,16,0060,42,47.6,140,56.9,264
115,11,黒松内,16,0061,42,39.8,140,18.6,27
116,12,真狩,16,1072,42,46.5,140,52.8,440
117,13,赤井川,16,1091,43,05.0,140,49.2,148
118,14,神恵内,16,1208,43,08.7,140,25.4,50
119,15,ニセコ,16,1615,42,46.7,140,40.0,113
120,1,雄武,17,47405,44,34.8,142,57.8,14.1
121,2,興部,17,0063,44,28.2,143,06.5,8
122,3,紋別,17,47435,44,20.7,143,21.3,15.8
123,4,湧別,17,0065,44,12.8,143,37.1,5
124,5,滝上,17,0066,44,10.6,143,03.7,165
125,6,上藻別,17,0067,44,11.3,143,20.2,85
126,7,常呂,17,0068,44,06.9,144,02.2,3
127,8,遠軽,17,0069,44,03.2,143,32.4,80
128,9,佐呂間,17,0070,44,01.1,143,45.6,54
129,10,網走,17,47409,44,01.0,144,16.7,37.6
130,11,生田原,17,0072,43,55.0,143,31.9,199
131,12,仁頃山,17,0073,43,51.6,143,44.8,261
132,13,北見,17,0074,43,46.6,143,50.5,104
133,14,小清水,17,0075,43,50.5,144,29.1,52
134,15,斜里,17,0076,43,53.1,144,42.0,15
135,16,留辺蘂,17,0077,43,44.5,143,27.0,325
136,17,留辺蘂山,17,0078,43,45.5,143,36.2,470
137,18,美幌,17,0079,43,46.2,144,10.3,60
138,19,藻琴山,17,0080,43,43.6,144,17.8,518
139,20,チミケップ山,17,0081,43,38.7,143,53.4,600
140,21,津別,17,0082,43,42.1,144,02.0,100
141,22,北見中山,17,0083,43,35.9,143,27.6,905
142,23,宇登呂,17,0981,44,03.1,144,58.9,144
143,24,西興部,17,1073,44,19.9,142,56.1,120
144,25,白滝,17,1092,43,51.9,143,09.2,475
145,26,境野,17,1209,43,42.4,143,38.6,184
146,27,東藻琴,17,1263,43,50.4,144,17.1,58
147,28,丸瀬布,17,1420,43,57.1,143,19.7,242
148,29,女満別,17,1460,43,52.8,144,09.8,33
149,30,紋別小向,17,1487,44,18.2,143,24.2,18
150,31,津別二又,17,1568,43,35.0,143,51.9,221
151,32,置戸常元,17,1569,43,37.2,143,26.4,368
152,33,山園,17,1617,43,44.6,144,20.2,361
153,1,羅臼,18,0084,44,01.4,145,11.2,15
154,2,標津,18,0085,43,39.7,145,07.9,3
155,3,中標津,18,0086,43,32.6,144,58.7,50
156,4,計根別,18,0087,43,29.1,144,48.5,110
157,5,別海,18,0088,43,22.9,145,07.1,23
158,6,根室,18,47420,43,19.8,145,35.1,25.2
159,7,納沙布,18,1056,43,23.6,145,45.5,12
160,8,厚床,18,1196,43,13.3,145,13.6,41
161,9,糸櫛別,18,1266,43,43.3,144,59.3,115
162,10,根室中標津,18,1489,43,34.6,144,57.6,65
163,11,上標津,18,1547,43,31.2,144,44.8,181
164,1,川湯,19,0090,43,37.0,144,27.4,158
165,2,阿寒湖畔,19,0091,43,26.2,144,05.1,450
166,3,弟子屈,19,0092,43,28.7,144,26.8,107
167,4,標茶,19,0093,43,17.5,144,35.2,20
168,5,幌呂台地,19,0094,43,16.7,144,13.6,225
169,6,中徹別,19,0095,43,11.9,144,08.5,80
170,7,阿寒,19,0096,43,06.8,144,07.4,40
171,8,霧多布,19,0097,43,04.6,145,07.7,2
172,9,白糠,19,0098,42,58.2,144,03.7,9
173,10,釧路,19,47418,42,59.1,144,22.6,4.5
174,11,二俣,19,1107,42,58.3,143,52.5,45
175,12,鶴居,19,1186,43,13.9,144,19.5,38
176,13,弟子屈,19,1187,43,30.6,144,28.0,170
177,14,太田,19,1192,43,05.4,144,46.7,85
178,15,榊町,19,1195,43,07.2,145,06.6,2
179,16,知方学,19,1283,42,56.3,144,44.1,149
180,17,塘路,19,1403,43,08.9,144,29.8,25
181,18,茶内原野,19,1417,43,10.4,144,58.0,70
182,19,鶴丘,19,1461,43,02.4,144,11.5,95
183,1,軍艦山,20,0100,43,28.7,143,07.6,900
184,2,陸別,20,0101,43,28.1,143,44.3,207
185,3,殖産高地,20,0102,43,26.1,143,41.7,419
186,4,ぬかびら源泉郷,20,0103,43,22.0,143,11.5,540
187,5,小坂山,20,0104,43,23.8,143,29.0,740
188,6,上足寄,20,0105,43,21.4,143,48.1,384
189,7,西ヌプカウシ山,20,0106,43,14.5,143,04.2,760
190,8,上士幌,20,0107,43,14.1,143,18.2,295
191,9,幌安山,20,0108,43,14.9,143,26.7,440
192,10,足寄,20,0109,43,14.6,143,33.2,90
193,11,佐幌岳,20,0110,43,10.5,142,47.1,900
194,12,三角山,20,0111,43,11.8,142,58.1,560
195,13,本別,20,0112,43,07.9,143,36.0,67
196,14,新得,20,0113,43,04.6,142,50.4,178
197,15,鹿追,20,0114,43,06.2,142,59.7,206
198,16,芽室,20,0115,42,54.0,143,02.6,90
199,17,帯広,20,47417,42,55.3,143,12.7,38.4
200,18,池田,20,0117,42,55.2,143,27.5,42
201,19,浦幌,20,0118,42,48.5,143,39.4,20
202,20,帯広岳,20,0119,42,44.8,142,56.0,440
203,21,ひょうたん沢,20,0120,42,35.8,143,03.8,380
204,22,大樹,20,0121,42,30.0,143,16.4,87
205,23,広尾,20,47440,42,17.6,143,19.0,32.4
206,24,三国山,20,1099,43,34.1,143,08.4,940
207,25,駒場,20,1204,43,03.0,143,11.0,112
208,26,上札内,20,1210,42,38.5,143,05.8,251
209,27,更別,20,1211,42,39.1,143,11.7,185
210,28,大津,20,1214,42,41.1,143,38.8,4
211,29,糠内,20,1286,42,47.2,143,19.7,70
212,30,小利別,20,1404,43,35.3,143,40.8,313
213,31,押帯,20,1405,43,06.9,143,26.6,104
214,32,柏倉,20,1409,43,21.7,143,27.5,378
215,33,上螺湾,20,1410,43,19.1,143,48.1,232
216,34,留真,20,1418,42,55.0,143,39.7,40
217,35,帯広泉,20,1510,42,44.0,143,13.0,149
218,36,三股,20,1571,43,30.6,143,08.9,660
219,1,安平,21,0123,42,48.8,141,49.7,32
220,2,厚真,21,0124,42,43.8,141,53.3,20
221,3,穂別,21,0125,42,45.7,142,08.6,56
222,4,森野,21,0126,42,37.8,141,14.8,170
223,5,苫小牧,21,47424,42,37.4,141,32.8,6.3
224,6,大岸,21,0128,42,35.4,140,38.6,4
225,7,有珠山,21,0129,42,31.9,140,51.2,281
226,8,白老,21,0130,42,32.6,141,21.1,6
227,9,鵡川,21,0131,42,35.4,141,56.0,10
228,10,伊達,21,0132,42,28.5,140,50.9,3
229,11,登別山,21,0133,42,30.0,141,07.3,579
230,12,登別,21,0134,42,27.5,141,07.1,197
231,13,室蘭,21,47423,42,18.7,140,58.5,39.9
232,14,大滝,21,1067,42,40.2,141,04.7,390
233,15,洞爺湖温泉,21,1329,42,33.9,140,48.4,85
234,16,カルルス,21,1429,42,31.0,141,06.4,300
235,17,豊浦,21,1496,42,35.0,140,42.5,5
236,18,花和,21,1498,42,37.0,140,45.4,282
237,19,虻田,21,1499,42,33.0,140,46.0,15
238,20,壮瞥,21,1500,42,33.3,140,51.2,110
239,21,入江,21,1501,42,32.6,140,47.1,38
240,22,月浦,21,1502,42,35.5,140,47.3,97
241,23,北有珠,21,1503,42,31.3,140,50.0,165
242,24,洞爺湖畔,21,1504,42,34.1,140,48.1,105
243,1,日高門別,22,0136,42,29.8,142,03.2,47
244,2,新和,22,0137,42,32.6,142,20.0,60
245,3,ヌモトル山,22,0138,42,36.0,142,23.7,613
246,4,笹山,22,0139,42,26.0,142,28.9,110
247,5,静内,22,0140,42,20.6,142,21.7,10
248,6,ピセナイ山,22,0141,42,21.3,142,39.5,500
249,7,浦河,22,47426,42,09.7,142,46.6,36.7
250,8,仁世宇,22,1097,42,46.3,142,21.5,150
251,9,三石,22,1198,42,14.7,142,39.7,10
252,10,日高,22,1202,42,52.6,142,26.5,280
253,11,幌満,22,1264,42,04.6,143,02.1,0
254,12,目黒,22,1276,42,07.6,143,18.8,17
255,13,中杵臼,22,1288,42,13.4,142,56.9,80
256,14,えりも岬,22,1340,41,55.5,143,14.6,63
257,15,旭,22,1430,42,37.7,142,23.6,245
258,16,平取,22,1594,42,36.4,142,08.8,44
259,1,長万部,23,0143,42,31.4,140,22.9,10
260,2,八雲,23,0144,42,15.1,140,16.3,8
261,3,森,23,0145,42,04.0,140,35.3,125
262,4,大沼,23,0146,41,58.6,140,42.9,165
263,5,川汲,23,0147,41,54.3,140,58.2,25
264,6,北斗,23,0148,41,53.2,140,39.2,25
265,7,函館,23,47430,41,49.0,140,45.2,35
266,8,汐首,23,0150,41,43.1,140,56.7,26
267,9,小谷石,23,0151,41,32.6,140,25.8,125
268,10,松前,23,0152,41,25.4,140,05.2,30
269,11,木古内,23,0917,41,41.2,140,26.7,6
270,12,千軒,23,1265,41,33.5,140,16.3,100
271,13,蛾眉野,23,1416,41,47.9,140,57.0,68
272,14,高松,23,1462,41,46.2,140,49.3,34
273,15,戸井泊,23,1543,41,43.0,141,00.2,20
274,16,知内,23,1552,41,35.9,140,22.5,24
275,17,熊石,23,0155,42,07.7,139,59.1,12
276,1,せたな,24,0153,42,27.0,139,51.1,10
277,2,今金,24,0154,42,25.7,140,00.5,19
278,3,潮見,24,0156,42,02.3,140,05.3,50
279,4,江差,24,47428,41,52.0,140,07.4,3.7
280,5,奥尻,24,1199,42,14.9,139,33.4,5
281,6,鶉,24,1200,41,55.8,140,18.7,53
282,7,石崎,24,1205,41,42.0,140,01.7,5
283,8,米岡,24,1513,42,04.3,139,25.9,49
284,1,障子山,31,0158,41,16.6,141,05.8,740
285,2,むつ,31,47576,41,17.0,141,12.6,2.9
286,3,蟹田,31,0160,41,02.7,140,38.0,5
287,4,青森,31,47575,40,49.3,140,46.1,2.8
288,5,野辺地,31,0162,40,53.1,141,09.6,14
289,6,鰺ケ沢,31,0163,40,46.6,140,12.3,40
290,7,五所川原,31,0164,40,48.5,140,27.5,9
291,8,深浦,31,47574,40,38.7,139,55.9,66.1
292,9,弘前,31,0166,40,36.7,140,27.3,30
293,10,黒石,31,0167,40,40.0,140,35.1,30
294,11,八甲田山,31,0168,40,40.5,140,51.5,1310
295,12,三沢,31,0169,40,40.5,141,22.5,39
296,13,四兵衛森,31,0170,40,33.1,140,12.4,645
297,14,毛無山,31,0171,40,33.1,140,45.2,940
298,15,十和田,31,0172,40,35.7,141,14.8,42
299,16,八戸,31,47581,40,31.6,141,31.3,27.1
300,17,大鰐,31,0174,40,31.8,140,33.3,63
301,18,碇ケ関,31,0175,40,28.9,140,37.2,135
302,19,空岱山,31,0176,40,26.3,140,42.5,585
303,20,休屋,31,0177,40,25.6,140,53.9,414
304,21,朝日奈岳,31,0178,40,19.5,141,02.9,710
305,22,三戸,31,0179,40,23.0,141,15.4,60
306,23,今別,31,1026,41,10.8,140,28.9,30
307,24,六ケ所,31,1027,40,53.1,141,16.3,80
308,25,大間,31,1041,41,31.6,140,54.7,14
309,26,大和山,31,1042,40,50.9,140,59.1,137
310,27,酸ケ湯,31,1079,40,38.9,140,50.9,890
311,28,岳,31,1108,40,37.7,140,15.8,438
312,29,長慶平,31,1110,40,37.1,139,59.8,242
313,30,市浦,31,1119,41,03.4,140,20.8,20
314,31,小田野沢,31,1122,41,14.1,141,23.8,6
315,32,脇野沢,31,1124,41,08.7,140,49.3,15
316,33,七戸,31,1183,40,42.5,141,07.7,57
317,34,戸来,31,1272,40,28.1,141,10.6,125
318,35,温川,31,1406,40,30.9,140,47.0,404
319,36,青森大谷,31,1495,40,44.0,140,41.3,198
320,37,湯野川,31,1559,41,18.8,140,57.4,162
321,1,田代岳,32,0180,40,24.7,140,24.0,800
322,2,陣場,32,0181,40,24.2,140,36.5,176
323,3,杉沢山,32,0182,40,21.9,140,48.6,670
324,4,能代,32,0183,40,11.9,140,01.9,6
325,5,鷹巣,32,0184,40,13.6,140,22.3,29
326,6,鹿角,32,0185,40,12.9,140,47.2,123
327,7,湯瀬,32,0186,40,07.2,140,50.4,214
328,8,森吉山,32,0187,40,00.3,140,31.1,800
329,9,五城目,32,0188,39,56.3,140,06.9,6
330,10,男鹿本山,32,0189,39,53.5,139,46.0,440
331,11,秋田,32,47582,39,43.0,140,05.9,6.3
332,12,太平山,32,0191,39,47.0,140,15.0,600
333,13,岩見三内,32,0192,39,42.4,140,17.2,41
334,14,角館,32,0193,39,36.2,140,33.4,56
335,15,田沢湖,32,0194,39,41.9,140,43.9,230
336,16,大曲,32,0195,39,29.4,140,29.7,30
337,17,本荘,32,0196,39,21.6,140,03.3,11
338,18,保呂羽山,32,0197,39,22.1,140,19.0,340
339,19,横手,32,0198,39,19.2,140,33.3,59
340,20,にかほ,32,0199,39,15.3,139,54.8,7
341,21,矢島,32,0200,39,14.1,140,08.2,46
342,22,三森山,32,0201,39,13.3,140,43.0,570
343,23,湯沢,32,0202,39,11.2,140,27.8,74
344,24,姥井戸山,32,0203,39,05.6,140,20.1,690
345,25,湯の岱,32,0204,38,57.6,140,31.7,335
346,26,大館,32,0912,40,15.1,140,30.3,49
347,27,大潟,32,1035,40,00.0,139,57.0,-3
348,28,男鹿,32,1036,39,54.7,139,54.0,20
349,29,八森,32,1043,40,24.8,139,56.9,34
350,30,大正寺,32,1050,39,31.6,140,14.0,20
351,31,東成瀬,32,1109,39,10.7,140,38.9,191
352,32,比立内,32,1115,39,54.2,140,27.0,210
353,33,東由利,32,1117,39,18.3,140,17.3,117
354,34,阿仁合,32,1131,39,59.6,140,24.2,120
355,35,鎧畑,32,1167,39,46.5,140,39.9,281
356,36,藤里,32,1273,40,19.2,140,17.6,68
357,37,桧木内,32,1278,39,48.7,140,35.1,255
358,38,八幡平,32,1289,40,00.8,140,48.1,578
359,39,笹子,32,1407,39,06.2,140,17.6,200
360,40,藤原,32,1408,40,21.3,140,46.8,280
361,41,男鹿真山,32,1422,39,56.3,139,46.9,84
362,42,仁別,32,1425,39,48.0,140,13.0,179
363,43,脇神,32,1463,40,11.5,140,22.3,84
364,44,雄和,32,1511,39,36.9,140,13.1,91
365,45,田沢湖高原,32,1652,39,46.7,140,45.7,652
366,1,種市,33,0205,40,24.2,141,42.0,70
367,2,軽米,33,0206,40,19.0,141,28.4,153
368,3,二戸,33,0207,40,17.9,141,17.9,87
369,4,折爪岳,33,0208,40,15.8,141,22.5,844
370,5,久慈,33,0209,40,10.1,141,44.9,13
371,6,西岳,33,0210,40,05.0,141,10.4,1008
372,7,葛巻,33,0211,40,02.4,141,27.4,418
373,8,袖山,33,0212,40,01.5,141,31.5,1144
374,9,茶臼岳,33,0213,39,56.7,140,54.3,1443
375,10,岩手松尾,33,0214,39,57.1,141,03.9,275
376,11,岩手山,33,0215,39,50.4,140,57.0,1403
377,12,岩洞,33,0216,39,49.5,141,22.5,678
378,13,大森山,33,0217,39,49.1,141,31.2,1073
379,14,岩泉,33,0218,39,50.8,141,47.7,105
380,15,駒ケ岳,33,0219,39,44.0,140,47.5,1003
381,16,害鷹森,33,0220,39,42.5,141,36.2,1278
382,17,雫石,33,0221,39,41.8,140,58.5,195
383,18,盛岡,33,47584,39,41.9,141,09.9,155.2
384,19,宮古,33,47585,39,38.8,141,57.9,42.5
385,20,薬師岳,33,0224,39,31.7,141,29.8,1604
386,21,黒森山,33,0225,39,29.7,140,47.5,644
387,22,豊沢,33,0226,39,28.8,140,58.1,300
388,23,花巻,33,0227,39,25.7,141,08.1,90
389,24,大迫,33,0228,39,28.2,141,16.7,150
390,25,湯田,33,0229,39,18.6,140,46.6,250
391,26,北上,33,0230,39,17.3,141,06.6,61
392,27,遠野,33,0231,39,20.3,141,32.6,275
393,28,五葉山,33,0232,39,10.6,141,39.7,560
394,29,釜石,33,0233,39,16.2,141,52.7,5
395,30,岳山,33,0234,39,08.0,140,52.6,973
396,31,若柳,33,0235,39,08.4,141,03.8,97
397,32,江刺,33,0236,39,11.0,141,09.7,42
398,33,大船渡,33,47512,39,03.8,141,42.8,36.9
399,34,一関,33,0238,38,56.0,141,07.5,32
400,35,千厩,33,0239,38,55.3,141,19.8,120
401,36,室根山,33,0240,38,58.2,141,27.0,883
402,37,祭畤,33,1028,39,00.7,140,51.9,350
403,38,好摩,33,1032,39,52.1,141,10.0,205
404,39,山田,33,1033,39,27.0,141,57.4,24
405,40,大野,33,1037,40,16.9,141,40.0,200
406,41,衣川,33,1045,39,03.0,141,02.7,75
407,42,薮川,33,1078,39,47.0,141,19.7,680
408,43,米里,33,1113,39,14.0,141,18.6,170
409,44,沢内,33,1118,39,28.8,140,47.8,327
410,45,荒屋,33,1120,40,06.2,141,03.0,290
411,46,普代,33,1123,40,00.2,141,53.0,8
412,47,紫波,33,1128,39,32.8,141,07.6,125
413,48,葛根田,33,1168,39,46.6,140,56.7,350
414,49,住田,33,1206,39,08.5,141,34.4,80
415,50,小本,33,1212,39,50.8,141,57.8,3
416,51,奥中山,33,1215,40,03.6,141,13.5,430
417,52,山形,33,1219,40,08.9,141,34.3,290
418,53,川井,33,1224,39,35.9,141,40.9,192
419,54,門馬,33,1225,39,38.0,141,26.2,620
420,55,下戸鎖,33,1332,40,05.0,141,42.7,239
421,56,区界,33,1447,39,39.0,141,21.2,760
422,57,大槌,33,1508,39,26.3,141,48.4,120
423,58,大東,33,1557,39,02.3,141,17.8,140
424,59,金ヶ崎,33,1558,39,13.5,141,00.9,170
425,60,滝沢,33,1560,39,46.8,141,05.8,210
426,61,附馬牛,33,1563,39,27.4,141,30.4,440
427,62,厳美,33,1598,38,59.0,140,54.7,230
428,63,刈屋,33,1627,39,38.5,141,46.4,140
429,64,新町,33,1628,39,21.6,141,54.4,2
430,65,陸前高田,33,1629,39,01.5,141,37.8,61
431,66,一方井,33,1653,39,58.4,141,10.0,285
432,1,栗駒山,34,0241,38,56.7,140,48.2,1100
433,2,気仙沼,34,0242,38,54.4,141,33.4,62
434,3,川渡,34,0243,38,44.6,140,45.6,170
435,4,築館,34,0244,38,44.1,141,00.3,25
436,5,箕輪山,34,0245,38,39.8,140,38.4,680
437,6,志津川,34,0246,38,40.9,141,26.9,39
438,7,古川,34,0247,38,35.9,140,54.7,28
439,8,大衡,34,0248,38,28.4,140,53.3,57
440,9,鹿島台,34,0249,38,27.6,141,05.5,3
441,10,石巻,34,47592,38,25.6,141,17.9,42.5
442,11,新川,34,0251,38,18.2,140,38.2,265
443,12,鷹巣山,34,0252,38,15.8,140,35.5,705
444,13,仙台,34,47590,38,15.7,140,53.8,38.9
445,14,川崎,34,0254,38,10.7,140,38.1,200
446,15,不忘山,34,0255,38,04.3,140,30.1,1050
447,16,白石,34,0256,38,00.9,140,36.7,86
448,17,亘理,34,0257,38,01.5,140,51.5,4
449,18,雄勝,34,0985,38,31.3,141,28.2,5
450,19,米山,34,1029,38,37.6,141,11.3,5
451,20,塩釜,34,1030,38,20.3,141,00.8,105
452,21,駒ノ湯,34,1126,38,54.8,140,49.7,525
453,22,丸森,34,1220,37,55.9,140,46.7,18
454,23,花山,34,1267,38,46.4,140,52.0,150
455,24,江ノ島,34,1290,38,23.9,141,35.8,40
456,25,筆甫,34,1298,37,49.6,140,43.7,305
457,26,泉ケ岳,34,1365,38,24.4,140,43.3,630
458,27,名取,34,1464,38,08.3,140,55.0,2
459,28,鴬沢,34,1526,38,48.3,140,56.9,33
460,29,加美,34,1561,38,34.3,140,43.6,195
461,30,蔵王,34,1564,38,07.6,140,40.8,112
462,31,栗駒深山,34,1597,38,51.8,140,50.6,550
463,32,栗駒,34,1600,38,56.4,140,49.0,850
464,33,女川,34,1626,38,27.2,141,26.4,35
465,34,桃生,34,1630,38,33.6,141,14.7,5
466,35,東松島,34,1631,38,25.6,141,12.8,4
467,36,岩沼,34,1632,38,06.4,140,52.6,4
468,1,鳥海山,35,0258,39,04.0,140,02.2,1199
469,2,酒田,35,47587,38,54.5,139,50.6,3.1
470,3,差首鍋,35,0260,38,55.1,140,12.0,88
471,4,太平山,35,0261,38,54.1,140,23.1,509
472,5,金山,35,0262,38,52.7,140,19.9,170
473,6,鶴岡,35,0263,38,44.1,139,49.7,16
474,7,狩川,35,0264,38,48.0,139,58.4,17
475,8,新庄,35,47520,38,45.4,140,18.7,105.1
476,9,瀬見,35,0266,38,45.3,140,24.8,150
477,10,温海岳,35,0267,38,37.7,139,37.8,620
478,11,櫛引,35,0268,38,40.3,139,50.9,33
479,12,月山,35,0269,38,29.9,140,06.1,770
480,13,銀山,35,0270,38,33.7,140,31.6,440
481,14,楯岡,35,0271,38,28.4,140,23.9,118
482,15,左沢,35,0272,38,22.2,140,11.5,133
483,16,山形,35,47588,38,15.3,140,20.7,152.5
484,17,葉山,35,0274,38,09.7,139,58.9,970
485,18,長井,35,0275,38,06.3,140,00.9,210
486,19,蔵王山,35,0276,38,09.4,140,26.0,1660
487,20,小国,35,0277,38,04.7,139,44.1,140
488,21,高峰,35,0278,37,59.9,139,57.4,250
489,22,米沢,35,0279,37,54.7,140,08.6,245
490,23,西吾妻山,35,0280,37,46.0,140,08.3,1530
491,24,向町,35,0910,38,45.5,140,31.0,212
492,25,上草津,35,1038,38,59.7,140,01.7,178
493,26,尾花沢,35,1039,38,36.5,140,24.7,106
494,27,鼠ケ関,35,1040,38,34.0,139,33.1,18
495,28,山毛欅潰山,35,1103,37,54.7,139,48.9,890
496,29,肘折,35,1125,38,36.4,140,09.8,330
497,30,高畠,35,1132,38,00.2,140,12.4,220
498,31,落合,35,1169,38,36.3,139,50.1,99
499,32,飛島,35,1291,39,11.0,139,32.6,58
500,33,大井沢,35,1292,38,23.4,139,59.6,440
501,34,荒沢,35,1357,38,30.4,139,46.9,273
502,35,中津川,35,1372,37,54.6,139,50.6,390
503,36,白鷹山,35,1428,38,13.3,140,11.1,860
504,37,浜中,35,1465,38,48.7,139,47.2,22
505,38,東根,35,1488,38,24.7,140,22.2,105
506,39,村山,35,1539,38,27.6,140,20.9,80
507,40,上山中山,35,1562,38,07.0,140,12.8,270
508,1,浪江,36,0295,37,29.5,140,57.9,47
509,2,小野新町,36,0304,37,17.2,140,37.5,433
510,3,広野,36,1034,37,14.0,141,00.0,43
511,4,川内,36,1129,37,20.2,140,48.5,410
512,5,相馬,36,0285,37,47.0,140,55.5,9
513,6,郡山,36,0299,37,22.1,140,19.8,249
514,7,梁川,36,0281,37,51.1,140,35.3,43
515,8,稲荷峠,36,0282,37,45.4,139,44.1,800
516,9,吾妻山,36,0283,37,43.3,140,16.5,1300
517,10,福島,36,47595,37,45.5,140,28.2,67.4
518,11,喜多方,36,0286,37,39.5,139,51.8,212
519,12,八木沢,36,0287,37,41.8,140,49.2,540
520,13,原町,36,0288,37,38.3,140,59.0,17
521,14,飯谷山,36,0289,37,31.6,139,41.0,720
522,15,猪苗代,36,0290,37,33.1,140,06.5,519
523,16,二本松,36,0291,37,35.0,140,25.8,235
524,17,白馬石山,36,0292,37,34.8,140,43.5,640
525,18,若松,36,47570,37,29.3,139,54.6,211.7
526,19,船引,36,0294,37,26.1,140,34.6,421
527,20,浅草岳,36,0296,37,20.6,139,14.2,1520
528,21,只見,36,0297,37,20.6,139,18.8,377
529,22,博士峠,36,0298,37,20.4,139,43.4,1233
530,23,富岡,36,0300,37,20.8,141,01.0,50
531,24,南郷,36,0301,37,15.9,139,32.2,494
532,25,駒止峠,36,0302,37,12.6,139,36.8,1145
533,26,田島,36,0303,37,12.4,139,47.7,544
534,27,観音山,36,0305,37,11.0,139,55.5,1050
535,28,白河,36,47597,37,07.9,140,12.9,355
536,29,石川,36,0307,37,08.8,140,27.6,290
537,30,山王峠,36,0308,37,04.1,139,43.9,1080
538,31,大辷山,36,0309,37,04.8,140,38.2,688
539,32,平,36,0310,37,03.9,140,52.6,12
540,33,田代山,36,0311,36,58.8,139,28.9,1920
541,34,東白川,36,0312,36,56.3,140,24.5,183
542,35,小名浜,36,47598,36,56.8,140,54.2,3.3
543,36,西会津,36,1031,37,35.3,139,39.4,165
544,37,金山,36,1044,37,28.4,139,31.7,296
545,38,鷲倉,36,1116,37,40.1,140,15.6,1220
546,39,上遠野,36,1127,37,00.5,140,44.2,125
547,40,飯舘,36,1130,37,39.9,140,43.6,460
548,41,津島,36,1150,37,33.6,140,45.2,400
549,42,長沼,36,1268,37,17.3,140,13.1,317
550,43,舘岩,36,1269,37,05.5,139,31.9,690
551,44,川前,36,1274,37,14.8,140,43.4,492
552,45,桧原,36,1282,37,43.3,140,03.5,824
553,46,茂庭,36,1293,37,53.5,140,26.2,200
554,47,湯本,36,1294,37,16.6,140,03.8,640
555,48,桧枝岐,36,1295,37,00.6,139,22.5,973
556,49,吉尾峠,36,1359,37,20.8,139,33.4,705
557,50,六十里越,36,1364,37,18.2,139,13.0,860
558,51,湖南,36,1386,37,23.3,140,05.4,536
559,52,玉川,36,1466,37,13.6,140,25.6,372
560,53,山田,36,1607,36,56.0,140,44.0,25
561,54,新地,36,1633,37,52.5,140,55.1,10
562,55,古殿,36,1634,37,05.4,140,33.6,347
563,1,花園,40,0314,36,52.1,140,38.2,370
564,2,北茨城,40,0315,36,50.0,140,46.3,5
565,3,大子,40,0316,36,46.7,140,20.7,120
566,4,神峰山,40,0317,36,38.0,140,36.5,592
567,5,笠間,40,0318,36,23.7,140,14.4,72
568,6,水戸,40,47629,36,22.8,140,28.0,29
569,7,古河,40,0320,36,12.1,139,43.0,20
570,8,愛宕山,40,0321,36,17.4,140,15.3,280
571,9,下妻,40,0322,36,10.1,139,56.7,20
572,10,坂東,40,0323,36,02.1,139,53.6,16
573,11,土浦,40,0324,36,06.2,140,13.2,26
574,12,鹿嶋,40,0325,35,57.8,140,37.3,37
575,13,江戸崎,40,0911,35,57.6,140,19.2,25
576,14,日立,40,1011,36,34.8,140,38.7,34
577,15,柿岡,40,1012,36,14.0,140,11.3,27
578,16,美野里,40,1013,36,14.2,140,19.5,25
579,17,龍ケ崎,40,1014,35,53.4,140,12.7,4
580,18,筑波山,40,1082,36,13.5,140,05.9,868
581,19,中野,40,1170,36,30.9,140,28.4,17
582,20,徳田,40,1173,36,46.7,140,28.9,270
583,21,鉾田,40,1245,36,10.1,140,31.6,32
584,22,常陸大宮,40,1331,36,36.4,140,19.5,95
585,23,門井,40,1388,36,20.0,140,02.0,40
586,24,大能,40,1421,36,44.6,140,35.6,395
587,25,つくば（館野）,40,47646,36,03.4,140,07.5,25.2
588,26,下館,40,1530,36,16.9,139,59.3,24
589,27,高萩,40,1635,36,42.4,140,43.0,4
590,28,常総,40,1661,36,06.8,139,58.8,15
591,1,那須高原,41,0326,37,07.4,140,02.1,749
592,2,黒田原,41,0327,37,01.2,140,07.2,340
593,3,八方が原,41,0328,36,55.2,139,50.0,1087
594,4,黒磯,41,0329,36,58.9,140,01.1,343
595,5,八溝山,41,0330,36,56.2,140,15.5,800
596,6,大田原,41,0331,36,50.4,140,02.1,188
597,7,奥日光（日光）,41,47690,36,44.3,139,30.0,1291.9
598,8,方塞山,41,0333,36,37.8,139,30.5,1385
599,9,高根沢,41,0334,36,36.4,139,59.9,148
600,10,鹿沼,41,0335,36,35.5,139,44.1,165
601,11,宇都宮,41,47615,36,32.9,139,52.1,119.4
602,12,葛生,41,0337,36,25.9,139,35.4,120
603,13,真岡,41,0338,36,28.6,139,59.2,91
604,14,足利,41,0339,36,18.1,139,28.4,28
605,15,栃木,41,0340,36,22.4,139,42.2,65
606,16,小山,41,0341,36,20.3,139,49.8,44
607,17,五十里,41,1015,36,55.3,139,41.7,620
608,18,足尾,41,1016,36,38.8,139,26.9,650
609,19,烏山,41,1017,36,39.0,140,08.8,162
610,20,佐野,41,1018,36,21.8,139,34.2,68
611,21,土呂部,41,1221,36,53.5,139,34.1,925
612,22,今市,41,1333,36,43.6,139,40.6,414
613,23,塩谷,41,1334,36,45.4,139,53.0,225
614,24,那須烏山,41,1605,36,38.5,140,07.0,82
615,1,前武尊,42,0342,36,46.1,139,09.8,1530
616,2,草津,42,0343,36,37.0,138,35.5,1223
617,3,野反湖,42,0344,36,41.4,138,39.0,1570
618,4,雨見山,42,0345,36,41.2,138,51.8,825
619,5,沼田,42,0346,36,40.1,139,01.3,390
620,6,赤城山,42,0347,36,32.4,139,10.5,1660
621,7,田代,42,0348,36,27.8,138,27.8,1230
622,8,榛名山,42,0349,36,28.3,138,52.4,1088
623,9,前橋,42,47624,36,24.3,139,03.6,112.1
624,10,桐生,42,0351,36,24.6,139,19.5,117
625,11,一の字山,42,0352,36,22.3,138,39.5,1170
626,12,上里見,42,0353,36,22.6,138,53.7,183
627,13,西野牧,42,0354,36,14.7,138,42.4,375
628,14,藤岡,42,0355,36,14.5,139,04.2,95
629,15,館林,42,0356,36,14.0,139,31.9,21
630,16,稲含山,42,0357,36,10.2,138,51.8,780
631,17,みなかみ,42,1019,36,48.0,138,59.5,531
632,18,中之条,42,1020,36,35.2,138,51.0,354
633,19,伊勢崎,42,1021,36,19.9,139,09.9,64
634,20,片品,42,1174,36,46.3,139,14.3,860
635,21,藤原,42,1222,36,51.8,139,03.5,700
636,22,神流,42,1223,36,06.5,138,53.8,357
637,23,黒保根,42,1259,36,30.1,139,17.0,285
638,24,高手山,42,1375,36,45.0,139,05.9,1115
639,1,熊谷,43,47626,36,09.0,139,22.8,30
640,2,久喜,43,0359,36,05.2,139,38.1,12
641,3,秩父,43,47641,35,59.4,139,04.4,232.1
642,4,堂平,43,0361,36,00.3,139,11.4,876
643,5,飯能,43,0362,35,50.3,139,19.3,84
644,6,さいたま,43,0363,35,52.5,139,35.2,8
645,7,越谷,43,0364,35,53.0,139,45.4,3
646,8,三峰,43,1000,35,55.6,138,55.4,975
647,9,寄居,43,1009,36,06.3,139,11.0,128
648,10,鴻巣,43,1069,36,03.9,139,31.3,15
649,11,所沢,43,1070,35,46.4,139,24.8,119
650,12,浦山,43,1159,35,55.2,139,04.2,400
651,13,上吉田,43,1182,36,03.2,138,58.8,275
652,14,鳩山,43,1232,35,59.1,139,20.1,44
653,15,ときがわ,43,1497,35,59.4,139,12.4,295
654,1,小河内,44,0365,35,47.5,139,03.0,530
655,2,八王子,44,0366,35,40.0,139,19.0,123
656,3,調布,44,0367,35,40.1,139,31.8,41
657,4,世田谷,44,0368,35,37.6,139,37.2,35
658,5,東京,44,47662,35,41.5,139,45.0,25.2
659,6,江戸川臨海,44,0370,35,38.3,139,51.8,5
660,7,羽田,44,0371,35,33.2,139,46.8,6
661,8,大島,44,47675,34,44.9,139,21.7,74
662,9,三宅島,44,47677,34,07.4,139,31.2,37.9
663,10,八丈島,44,47678,33,07.3,139,46.7,151.2
664,11,青梅,44,1001,35,47.3,139,18.7,155
665,12,練馬,44,1002,35,44.3,139,35.5,51
666,13,府中,44,1133,35,41.0,139,29.0,59
667,14,新島,44,1134,34,22.4,139,15.1,9
668,15,小沢,44,1180,35,44.1,139,07.4,420
669,16,父島,44,47971,27,05.5,142,11.4,2.7
670,17,大島北ノ山,44,1467,34,46.9,139,21.6,38
671,18,八重見ヶ原,44,1468,33,06.9,139,47.1,92
672,19,神津島,44,1505,34,12.3,139,08.0,28
673,20,三宅坪田,44,1506,34,04.4,139,33.6,20
674,21,三宅島阿古,44,1509,34,04.8,139,28.9,30
675,22,新島,44,1522,34,22.1,139,16.1,29
676,23,神津島,44,1523,34,11.3,139,08.0,138
677,24,三宅伊豆,44,1525,34,07.2,139,30.2,50
678,25,南鳥島,44,47991,24,17.3,153,59.0,7.1
679,26,母島,44,1595,26,38.1,142,09.7,32
680,27,大島臨時,44,1642,34,44.9,139,21.7,90
681,28,大島泉津,44,1643,34,46.7,139,25.3,49
682,29,大島差木地,44,1644,34,41.0,139,24.8,41
683,30,利島,44,1646,34,31.7,139,16.9,100
684,31,青ヶ島,44,1648,32,28.0,139,45.6,272
685,1,香取,45,0375,35,51.5,140,30.1,37
686,2,我孫子,45,0376,35,51.8,140,06.6,20
687,3,東庄,45,0377,35,49.3,140,41.1,52
688,4,成田,45,0378,35,45.8,140,23.1,41
689,5,銚子,45,47648,35,44.3,140,51.4,20.1
690,6,千葉,45,47682,35,36.1,140,06.2,3.5
691,7,茂原,45,0381,35,25.0,140,18.6,9
692,8,木更津,45,0382,35,21.7,139,56.4,60
693,9,鋸南,45,0383,35,07.3,139,50.2,10
694,10,鴨川,45,0384,35,06.7,140,06.0,5
695,11,勝浦,45,47674,35,09.0,140,18.7,11.9
696,12,館山,45,47672,34,59.2,139,51.9,5.8
697,13,佐倉,45,0916,35,43.7,140,12.7,5
698,14,横芝光,45,1003,35,39.4,140,28.8,6
699,15,大多喜,45,1004,35,15.1,140,12.9,70
700,16,船橋,45,1236,35,42.7,140,02.6,28
701,17,牛久,45,1238,35,23.8,140,08.9,30
702,18,坂畑,45,1241,35,14.1,140,05.9,120
703,1,相模湖,46,0387,35,36.8,139,11.6,188
704,2,海老名,46,0388,35,26.0,139,23.2,18
705,3,横浜,46,47670,35,26.3,139,39.1,39.1
706,4,箱根,46,0390,35,13.3,139,02.5,855
707,5,江ノ島,46,0391,35,17.9,139,28.8,60
708,6,三浦,46,0392,35,10.7,139,37.8,42
709,7,相模原中央,46,1005,35,34.3,139,22.2,149
710,8,日吉,46,1006,35,33.1,139,39.0,57
711,9,平塚,46,1007,35,20.7,139,18.3,20
712,10,小田原,46,1008,35,16.6,139,09.3,14
713,11,丹沢湖,46,1096,35,24.6,139,02.6,330
714,12,辻堂,46,1443,35,19.2,139,27.0,5
715,1,野沢温泉,48,0393,36,54.7,138,26.5,576
716,2,信濃町,48,0394,36,48.5,138,11.8,685
717,3,飯山,48,0395,36,52.5,138,22.5,313
718,4,白馬,48,0396,36,41.9,137,51.7,703
719,5,長野,48,47610,36,39.7,138,11.5,418.2
720,6,笠岳,48,0398,36,40.0,138,27.4,1490
721,7,大町,48,0399,36,31.4,137,49.9,784
722,8,信州新町,48,0400,36,32.9,137,59.8,509
723,9,四阿屋山,48,0401,36,25.1,138,03.3,1387
724,10,上田,48,0402,36,24.0,138,15.9,502
725,11,燕岳,48,0403,36,23.3,137,44.3,1840
726,12,穂高,48,0404,36,20.6,137,52.9,540
727,13,軽井沢,48,47622,36,20.5,138,32.8,999.1
728,14,松本,48,47618,36,14.8,137,58.2,610
729,15,鹿教湯,48,0407,36,18.1,138,08.2,721
730,16,佐久,48,0408,36,14.8,138,28.6,683
731,17,高ボッチ,48,0409,36,09.0,138,02.6,1670
732,18,茂来山,48,0410,36,06.5,138,32.0,1450
733,19,諏訪,48,47620,36,02.7,138,06.5,760.1
734,20,八ケ岳,48,0412,36,01.6,138,18.7,1830
735,21,木曽平沢,48,0413,35,59.0,137,50.1,900
736,22,原村,48,0414,35,58.2,138,13.2,1017
737,23,野辺山,48,0415,35,56.9,138,28.3,1350
738,24,御嶽山,48,0416,35,52.3,137,30.2,2195
739,25,木曽福島,48,0417,35,50.4,137,41.3,750
740,26,高遠,48,0418,35,50.3,138,03.4,780
741,27,入笠山,48,0419,35,53.4,138,09.3,1795
742,28,宮田高原,48,0420,35,46.4,137,53.1,1660
743,29,松峯,48,0421,35,44.4,138,07.1,1920
744,30,須原,48,0422,35,41.9,137,41.5,535
745,31,摺古木山,48,0423,35,35.6,137,44.0,1700
746,32,飯島,48,0424,35,39.2,137,53.9,728
747,33,笹山,48,0425,35,36.5,138,05.1,1732
748,34,飯田,48,47637,35,31.4,137,49.3,516.4
749,35,恵那山,48,0427,35,25.7,137,37.2,1602
750,36,鶯巣,48,0428,35,15.8,137,49.8,265
751,37,菅平,48,0992,36,31.9,138,19.5,1253
752,38,東御,48,0993,36,23.0,138,23.0,958
753,39,上高地,48,0994,36,14.9,137,38.0,1510
754,40,南木曽,48,1022,35,36.6,137,37.2,560
755,41,南小谷,48,1090,36,48.0,137,54.3,467
756,42,鬼無里,48,1162,36,41.3,137,57.9,778
757,43,立科,48,1300,36,16.3,138,18.8,715
758,44,奈川,48,1312,36,05.3,137,41.0,1068
759,45,開田高原,48,1314,35,56.3,137,36.1,1130
760,46,浪合,48,1317,35,22.4,137,41.5,940
761,47,辰野,48,1319,35,58.9,137,59.0,729
762,48,南信濃,48,1323,35,19.3,137,55.9,407
763,49,阿南,48,1339,35,18.8,137,48.7,610
764,50,聖高原,48,1360,36,29.2,138,04.1,985
765,51,網掛山,48,1392,35,26.9,137,41.8,1120
766,52,大鹿,48,1394,35,33.4,138,02.4,718
767,53,杉島,48,1397,35,43.6,138,05.6,905
768,54,十石峠,48,1399,36,06.5,138,38.7,1370
769,55,小谷,48,1411,36,49.3,137,55.8,550
770,56,伊那,48,1445,35,49.5,137,57.3,633
771,57,松本今井,48,1529,36,10.0,137,55.3,658
772,58,北相木,48,1549,36,04.3,138,36.7,1185
773,59,白樺湖,48,1550,36,06.3,138,13.7,1440
774,60,高遠,48,1551,35,57.2,138,06.5,1075
775,61,宮田,48,1591,35,45.1,137,54.7,717
776,62,王滝大又,48,1659,35,49.6,137,33.1,1035
777,1,剣ノ峰,49,0429,35,49.7,138,38.4,1735
778,2,日向山,49,0430,35,47.9,138,17.2,1180
779,3,大菩薩,49,0431,35,44.1,138,50.2,1684
780,4,甲府,49,47638,35,40.0,138,33.2,272.8
781,5,勝沼,49,0433,35,39.8,138,43.5,394
782,6,大月,49,0434,35,36.5,138,56.3,364
783,7,八町山,49,0435,35,32.6,138,24.7,930
784,8,古関,49,0436,35,31.7,138,36.9,552
785,9,河口湖,49,47640,35,30.0,138,45.6,859.6
786,10,山中,49,0438,35,26.2,138,50.2,992
787,11,南部,49,0439,35,17.3,138,26.7,141
788,12,大泉,49,1023,35,51.7,138,23.2,867
789,13,韮崎,49,1024,35,41.6,138,26.9,341
790,14,上野原,49,1165,35,37.2,139,06.3,187
791,15,切石,49,1234,35,28.0,138,26.5,226
792,16,富士山,49,47639,35,21.6,138,43.6,3775.1
793,17,乙女湖,49,1599,35,48.4,138,39.3,1465
794,18,富士川,49,1640,35,33.7,138,26.9,295
795,1,白糸,50,0440,35,18.7,138,34.7,530
796,2,御殿場,50,0441,35,18.3,138,55.6,472
797,3,富士,50,0442,35,11.1,138,39.8,66
798,4,三島,50,47657,35,06.8,138,55.5,20.5
799,5,越木平,50,0444,35,00.6,137,58.8,552
800,6,川根本町,50,0445,35,06.1,138,07.7,290
801,7,大山,50,0446,35,03.1,138,16.9,880
802,8,網代,50,47668,35,02.7,139,05.5,66.9
803,9,高根山,50,0448,34,58.5,138,11.8,415
804,10,静岡,50,47656,34,58.5,138,24.2,14.1
805,11,霧山,50,0450,34,52.5,137,41.5,405
806,12,天竜,50,0451,34,53.4,137,48.8,61
807,13,島田,50,0452,34,50.4,138,08.6,80
808,14,湯ケ島,50,0453,34,54.0,138,55.5,165
809,15,天城山,50,0454,34,52.3,139,01.4,1066
810,16,浜松,50,47654,34,45.2,137,42.7,45.9
811,17,松崎,50,0456,34,45.3,138,47.0,4
812,18,稲取,50,0457,34,46.9,139,02.9,130
813,19,御前崎,50,47655,34,36.2,138,12.7,44.7
814,20,石廊崎,50,47666,34,36.2,138,50.5,54.7
815,21,佐久間,50,0986,35,03.4,137,45.7,150
816,22,土肥,50,0987,34,52.6,138,45.7,92
817,23,三ヶ日,50,0988,34,48.1,137,33.4,2
818,24,掛川,50,0989,34,46.1,137,59.7,32
819,25,熊,50,1105,34,57.5,137,44.0,375
820,26,三倉,50,1106,34,57.6,137,56.6,121
821,27,梅ケ島,50,1114,35,14.2,138,20.5,430
822,28,清水,50,1243,35,03.2,138,31.3,3
823,29,磐田,50,1244,34,41.5,137,52.8,3
824,30,菊川牧之原,50,1335,34,47.1,138,08.3,191
825,31,井川,50,1338,35,13.0,138,13.3,755
826,32,三倉,50,1393,34,53.7,137,56.4,114
827,33,鍵穴,50,1440,35,02.9,138,14.8,160
828,34,富士山,50,47639,35,21.6,138,43.6,3775.1
829,35,静岡空港,50,1601,34,47.7,138,11.3,132
830,36,春野,50,1662,35,00.7,137,56.7,486
831,1,一宮,51,0460,35,17.9,136,51.2,11
832,2,豊山,51,0461,35,15.3,136,55.4,14
833,3,茶臼山,51,0462,35,13.2,137,39.6,1216
834,4,名古屋,51,47636,35,10.0,136,57.9,51.1
835,5,豊田,51,0464,35,07.9,137,10.6,75
836,6,東海,51,0465,35,01.4,136,54.1,10
837,7,出来山,51,0466,35,05.7,137,25.0,946
838,8,岡崎,51,0467,34,55.1,137,11.6,47
839,9,作手,51,0468,34,58.6,137,25.5,532
840,10,一色,51,0469,34,48.7,137,01.7,12
841,11,豊橋,51,0470,34,45.0,137,20.5,3
842,12,伊良湖,51,47653,34,37.7,137,05.6,6.2
843,13,田原,51,0472,34,37.6,137,13.3,45
844,14,稲武,51,0982,35,12.7,137,30.4,505
845,15,蟹江,51,0983,35,08.2,136,47.5,2
846,16,南知多,51,0984,34,44.4,136,56.3,16
847,17,小原,51,1166,35,13.7,137,17.1,290
848,18,鳳来,51,1341,34,55.9,137,34.5,81
849,19,蒲郡,51,1344,34,50.7,137,13.0,55
850,20,愛西,51,1346,35,13.0,136,41.9,5
851,21,新城,51,1541,34,54.4,137,31.1,53
852,22,セントレア,51,1555,34,51.5,136,48.3,4
853,23,阿蔵,51,1576,35,04.7,137,24.8,613
854,24,大府,51,1638,34,59.7,136,56.6,32
855,1,神岡,52,0473,36,19.3,137,18.5,455
856,2,流葉山,52,0474,36,19.6,137,14.9,1280
857,3,森茂,52,0475,36,10.5,137,01.5,1262
858,4,高山,52,47617,36,09.3,137,15.2,560
859,5,乗鞍岳,52,0477,36,07.3,137,33.4,2730
860,6,大日岳,52,0478,36,01.3,136,51.2,1280
861,7,新渕山,52,0479,36,01.9,136,58.5,1145
862,8,船山,52,0480,36,02.1,137,15.6,880
863,9,白尾山,52,0481,35,54.2,136,56.9,1272
864,10,白鳥,52,0482,35,52.1,136,51.8,372
865,11,萩原,52,0483,35,53.3,137,12.4,425
866,12,蕪山,52,0484,35,44.1,136,47.9,1069
867,13,八幡,52,0485,35,45.4,136,58.7,250
868,14,樽見,52,0486,35,38.3,136,36.1,190
869,15,金山,52,0487,35,39.7,137,09.6,233
870,16,三界山,52,0488,35,39.0,137,31.0,1117
871,17,権現山,52,0489,35,34.9,136,30.1,750
872,18,伽藍,52,0490,35,30.9,137,13.8,650
873,19,美濃加茂,52,0491,35,26.7,137,00.3,74
874,20,柄石峠,52,0492,35,24.2,137,12.4,365
875,21,恵那,52,0493,35,26.8,137,24.2,315
876,22,中津川,52,0494,35,28.6,137,29.2,378
877,23,関ケ原,52,0495,35,21.8,136,28.0,130
878,24,大垣,52,0496,35,20.8,136,37.2,6
879,25,岐阜,52,47632,35,24.0,136,45.7,12.7
880,26,三森山,52,0498,35,22.6,137,31.6,1130
881,27,美濃,52,1057,35,33.3,136,54.6,68
882,28,多治見,52,1058,35,20.8,137,06.5,120
883,29,上石津,52,1059,35,14.8,136,27.5,193
884,30,栃尾,52,1061,36,14.9,137,30.2,765
885,31,宮地,52,1066,35,45.8,137,17.3,450
886,32,平井,52,1153,35,34.0,136,43.7,325
887,33,長滝,52,1299,35,55.4,136,49.9,430
888,34,揖斐川,52,1301,35,29.1,136,34.0,45
889,35,六厩,52,1305,36,03.6,137,02.1,1015
890,36,白川,52,1306,36,16.4,136,53.8,478
891,37,河合,52,1308,36,18.3,137,06.0,471
892,38,宮之前,52,1311,36,00.9,137,23.3,930
893,39,黒川,52,1313,35,35.9,137,19.1,517
894,40,大日,52,1363,36,01.1,136,52.9,1178
895,41,付知,52,1384,35,39.7,137,25.6,461
896,42,御母衣,52,1387,36,08.8,136,54.5,640
897,43,小津,52,1390,35,33.7,136,32.4,573
898,44,十二岳,52,1396,36,11.3,137,22.1,1010
899,45,ひるがの,52,1436,36,00.6,136,53.6,885
900,46,清見,52,1437,36,10.8,137,02.7,740
901,47,丹生川,52,1438,36,11.2,137,22.3,910
902,48,関市板取,52,1577,35,43.4,136,47.0,351
903,1,北勢,53,0499,35,08.6,136,32.3,125
904,2,桑名,53,0500,35,03.0,136,41.6,3
905,3,雲母峰,53,0501,34,59.9,136,27.5,590
906,4,四日市,53,47684,34,56.4,136,34.8,55.1
907,5,亀山,53,0503,34,52.2,136,27.2,70
908,6,上野,53,47649,34,45.7,136,08.5,159.2
909,7,笠取山,53,0505,34,43.5,136,18.5,810
910,8,津,53,47651,34,44.0,136,31.1,2.7
911,9,名張,53,0507,34,37.6,136,06.5,226
912,10,国見山,53,0508,34,33.9,136,09.4,680
913,11,小俣,53,0509,34,31.7,136,39.9,10
914,12,粥見,53,0510,34,26.9,136,23.4,120
915,13,藤坂峠,53,0511,34,19.4,136,29.3,560
916,14,尾鷲,53,47663,34,04.1,136,11.6,15.3
917,15,八幡峠,53,0513,34,03.6,136,06.6,800
918,16,熊野,53,0514,33,53.5,136,05.6,40
919,17,大台,53,0918,34,23.5,136,24.5,80
920,18,松阪,53,0990,34,33.6,136,32.2,6
921,19,磯部,53,0991,34,22.4,136,48.3,3
922,20,鳥羽,53,1230,34,28.9,136,49.5,2
923,21,宮川,53,1255,34,16.7,136,12.5,205
924,22,南伊勢,53,1258,34,20.7,136,40.9,6
925,23,紀伊長島,53,1349,34,12.5,136,19.6,3
926,24,白山,53,1356,34,37.5,136,19.3,60
927,25,阿児,53,1381,34,18.5,136,52.4,31
928,26,御浜,53,1423,33,51.1,135,58.8,130
929,27,熊野新鹿,53,1532,33,55.9,136,08.3,23
930,1,村上,54,0515,38,13.6,139,28.7,10
931,2,鷲ケ巣山,54,0516,38,13.7,139,38.3,695
932,3,相川,54,47602,38,01.7,138,14.4,5.5
933,4,両津,54,0518,38,04.4,138,26.4,2
934,5,新潟,54,47604,37,53.6,139,01.1,4.1
935,6,二王子岳,54,0520,37,54.4,139,27.1,382
936,7,新津,54,0521,37,47.5,139,05.2,3
937,8,巻,54,0522,37,46.1,138,54.8,2
938,9,宝珠山,54,0523,37,46.7,139,17.3,200
939,10,寺泊,54,0524,37,38.4,138,46.0,44
940,11,三条,54,0525,37,38.4,138,57.3,9
941,12,村松,54,0526,37,41.8,139,11.3,25
942,13,津川,54,0527,37,40.3,139,26.8,100
943,14,粟ヶ岳,54,0528,37,34.8,139,08.1,242
944,15,長岡,54,0529,37,27.0,138,49.4,23
945,16,栃尾,54,0530,37,28.5,138,59.5,83
946,17,守門岳,54,0531,37,24.3,139,05.4,737
947,18,柏崎,54,0532,37,21.1,138,33.2,7
948,19,桜坂峠,54,0533,37,12.7,138,31.6,470
949,20,小出,54,0534,37,13.6,138,57.8,98
950,21,高田,54,47612,37,06.4,138,14.8,12.9
951,22,安塚,54,0536,37,06.4,138,27.4,126
952,23,十日町,54,0537,37,08.6,138,43.6,170
953,24,枝折峠,54,0538,37,09.3,139,07.8,1060
954,25,糸魚川,54,0539,37,02.6,137,52.5,8
955,26,能生,54,0540,37,05.0,138,01.4,55
956,27,光ケ原,54,0541,37,00.3,138,22.3,805
957,28,大沢峠,54,0542,37,02.3,138,47.2,673
958,29,津南,54,0543,36,59.8,138,41.0,452
959,30,湯沢,54,0544,36,56.5,138,48.6,340
960,31,袴岳,54,0545,36,52.2,138,16.6,850
961,32,粟島,54,0995,38,27.9,139,15.2,4
962,33,羽茂,54,0996,37,50.5,138,18.8,11
963,34,守門,54,0997,37,20.8,139,02.6,222
964,35,関山,54,0998,36,56.0,138,13.3,350
965,36,下関,54,1060,38,05.5,139,33.8,33
966,37,鍵取,54,1102,37,34.2,139,23.0,150
967,38,赤谷,54,1111,37,50.1,139,24.9,135
968,39,小国,54,1154,37,17.5,138,42.1,83
969,40,松代,54,1155,37,07.9,138,36.4,210
970,41,高根,54,1256,38,19.8,139,36.2,85
971,42,平岩,54,1297,36,53.2,137,51.8,260
972,43,大潟,54,1302,37,13.5,138,19.5,13
973,44,弾崎,54,1315,38,19.8,138,30.7,58
974,45,中条,54,1318,38,03.6,139,24.5,27
975,46,三面,54,1369,38,14.8,139,36.3,45
976,47,大湯,54,1370,37,12.3,139,03.7,240
977,48,塩沢,54,1395,37,02.3,138,50.8,195
978,49,宮寄上,54,1398,37,34.8,139,08.4,125
979,50,樽本,54,1424,36,53.4,138,16.5,625
980,51,川谷,54,1426,37,12.0,138,31.0,206
981,52,筒方,54,1427,37,01.8,138,20.6,255
982,53,室谷,54,1444,37,33.0,139,22.2,200
983,54,松浜,54,1469,37,57.3,139,06.7,1
984,55,秋津,54,1514,38,03.6,138,24.8,30
985,56,瓢湖,54,1645,37,50.0,139,14.2,9
986,1,泊,55,0546,36,57.1,137,33.1,13
987,2,魚津,55,0547,36,49.3,137,25.7,48
988,3,宇奈月,55,0548,36,50.8,137,33.5,160
989,4,嘉例沢,55,0549,36,49.5,137,32.2,420
990,5,伏木,55,47606,36,47.5,137,03.3,11.6
991,6,富山,55,47607,36,42.5,137,12.1,8.6
992,7,砺波,55,0552,36,36.6,136,57.3,69
993,8,上市,55,0553,36,40.2,137,25.4,296
994,9,南砺高宮,55,0554,36,32.7,136,52.3,91
995,10,八尾,55,0555,36,34.7,137,07.9,78
996,11,小谷,55,0556,36,34.2,137,18.0,340
997,12,立山,55,0557,36,34.9,137,34.7,2291
998,13,細尾峠,55,0558,36,26.7,136,53.8,740
999,14,谷折,55,0559,36,29.3,137,06.0,700
1000,15,氷見,55,1309,36,51.8,136,57.6,7
1001,16,宇奈月,55,1412,36,50.8,137,33.4,160
1002,17,平,55,1413,36,26.0,136,57.0,282
1003,18,大山,55,1414,36,36.5,137,17.0,128
1004,19,細入,55,1415,36,29.7,137,14.4,185
1005,20,猪谷,55,1455,36,28.4,137,14.2,215
1006,21,秋ヶ島,55,1533,36,38.9,137,11.2,24
1007,22,五箇山,55,1553,36,25.8,136,56.5,357
1008,23,立山芦峅,55,1621,36,34.6,137,23.1,379
1009,1,珠洲,56,0560,37,26.8,137,17.2,4
1010,2,輪島,56,47600,37,23.4,136,53.7,5.2
1011,3,門前,56,0562,37,15.7,136,43.7,11
1012,4,木原岳,56,0563,37,17.3,136,57.0,270
1013,5,志賀,56,0564,37,08.6,136,43.5,6
1014,6,七尾,56,0565,37,01.8,136,59.5,58
1015,7,羽咋,56,0566,36,53.6,136,46.6,15
1016,8,かほく,56,0567,36,42.7,136,41.5,42
1017,9,宝達山,56,0568,36,46.8,136,48.4,626
1018,10,金沢,56,47605,36,35.3,136,38.0,5.7
1019,11,医王山,56,0570,36,31.2,136,44.7,420
1020,12,加賀菅谷,56,0571,36,13.8,136,21.7,83
1021,13,白山河内,56,0973,36,23.8,136,37.2,136
1022,14,白山白峰,56,1171,36,10.8,136,37.5,470
1023,15,小松,56,1324,36,22.9,136,26.1,3
1024,16,穴水,56,1486,37,16.3,136,55.0,170
1025,17,三井,56,1544,37,17.6,136,57.7,219
1026,18,宝達志水,56,1545,36,47.3,136,46.1,90
1027,19,舳倉島,56,1650,37,51.0,136,55.1,8
1028,1,福井,57,47616,36,03.3,136,13.3,8.8
1029,2,大野,57,0573,35,58.3,136,29.8,182
1030,3,タイラ山,57,0574,35,59.2,136,36.4,510
1031,4,春日野,57,0575,35,51.5,136,08.0,270
1032,5,板垣,57,0576,35,52.4,136,18.5,620
1033,6,今庄,57,0577,35,46.0,136,12.0,128
1034,7,敦賀,57,47631,35,39.2,136,03.7,1.6
1035,8,小浜,57,0579,35,29.0,135,46.9,10
1036,9,美山,57,0974,35,59.9,136,21.5,70
1037,10,川上,57,0975,35,26.4,135,31.4,75
1038,11,美浜,57,1010,35,36.0,135,55.0,10
1039,12,三国,57,1071,36,14.6,136,10.4,34
1040,13,勝山,57,1226,36,02.3,136,31.3,196
1041,14,越廼,57,1316,36,00.7,135,59.4,30
1042,15,九頭竜,57,1382,35,54.5,136,40.1,436
1043,16,大飯,57,1454,35,28.8,135,37.0,3
1044,17,春江,57,1537,36,08.5,136,13.4,5
1045,18,武生,57,1565,35,54.3,136,10.4,32
1046,1,今津,60,0580,35,24.7,136,01.7,88
1047,2,荒川,60,0581,35,22.4,135,55.6,360
1048,3,春照,60,0582,35,22.8,136,22.4,160
1049,4,彦根,60,47761,35,16.5,136,14.6,87.3
1050,5,近江八幡,60,0584,35,07.6,136,05.5,90
1051,6,君ケ畑台地,60,0585,35,11.9,136,20.4,402
1052,7,大津,60,0586,34,59.5,135,54.7,86
1053,8,土山,60,0587,34,56.3,136,16.7,248
1054,9,東近江,60,0963,35,03.7,136,11.4,128
1055,10,信楽,60,0964,34,54.8,136,04.8,265
1056,11,長浜,60,0976,35,25.4,136,14.5,95
1057,12,南小松,60,1083,35,14.1,135,57.4,90
1058,13,柳ケ瀬,60,1087,35,34.9,136,11.3,220
1059,14,霜ケ原,60,1361,35,11.9,136,20.3,420
1060,15,米原,60,1524,35,23.0,136,20.6,147
1061,16,朽木平良,60,1578,35,18.5,135,49.8,380
1062,17,伊吹山,60,47751,35,25.1,136,24.8,1375.8
1063,1,峰山,61,0588,35,37.1,135,04.3,23
1064,2,宮津,61,0589,35,33.0,135,14.1,2
1065,3,舞鶴,61,47750,35,27.0,135,19.0,2.4
1066,4,仏坂,61,0591,35,22.6,135,02.1,410
1067,5,浅原山,61,0592,35,20.0,135,23.3,380
1068,6,福知山,61,0593,35,18.7,135,06.8,17
1069,7,胡麻,61,0594,35,12.6,135,27.7,260
1070,8,妙高山,61,0595,35,10.1,135,10.2,440
1071,9,園部,61,0596,35,06.5,135,27.3,134
1072,10,京都,61,47759,35,00.8,135,43.9,40.8
1073,11,京田辺,61,0598,34,49.8,135,45.6,20
1074,12,鷲峰山,61,0599,34,49.7,135,54.3,607
1075,13,花背峠,61,0920,35,09.4,135,47.3,710
1076,14,知井,61,0927,35,19.3,135,38.8,250
1077,15,京北,61,0928,35,10.9,135,39.7,260
1078,16,間人,61,0965,35,44.2,135,05.2,42
1079,17,本庄,61,0966,35,15.6,135,23.7,95
1080,18,長岡京,61,1025,34,55.8,135,40.7,71
1081,19,睦寄,61,1160,35,22.9,135,27.2,175
1082,20,美山,61,1303,35,16.5,135,33.0,200
1083,21,須知,61,1378,35,10.6,135,25.2,150
1084,22,三岳,61,1379,35,22.0,135,03.0,118
1085,23,綾部,61,1380,35,17.6,135,15.5,51
1086,24,三和,61,1383,35,13.0,135,13.9,105
1087,25,坂浦,61,1641,35,25.1,135,05.2,223
1088,1,能勢,62,0600,34,56.9,135,27.3,235
1089,2,箕面,62,0601,34,50.3,135,30.2,96
1090,3,豊中,62,0602,34,47.0,135,26.3,12
1091,4,大阪,62,47772,34,40.9,135,31.1,23
1092,5,生駒山,62,0604,34,40.5,135,40.6,626
1093,6,河内長野,62,0605,34,25.4,135,32.6,160
1094,7,熊取,62,0606,34,23.1,135,21.0,68
1095,8,堺,62,1062,34,33.3,135,29.1,20
1096,9,枚方,62,1065,34,48.5,135,40.3,26
1097,10,八尾,62,1470,34,35.8,135,36.0,10
1098,11,関空島,62,1471,34,26.0,135,13.9,5
1099,12,茨木,62,1602,34,51.6,135,33.6,78
1100,1,香住,63,0607,35,37.5,134,37.6,5
1101,2,温泉,63,0608,35,31.7,134,28.8,233
1102,3,三川山,63,0609,35,32.7,134,38.2,875
1103,4,豊岡,63,47747,35,32.1,134,49.3,3.4
1104,5,八鹿,63,0611,35,23.9,134,44.4,183
1105,6,和田山,63,0612,35,19.4,134,50.9,80
1106,7,生野,63,0613,35,10.0,134,47.5,320
1107,8,柏原,63,0614,35,08.2,135,03.9,98
1108,9,一宮,63,0615,35,05.8,134,35.1,195
1109,10,笠形山,63,0616,35,03.2,134,50.2,580
1110,11,佐用,63,0617,35,01.0,134,22.1,120
1111,12,後川,63,0618,35,01.5,135,17.6,330
1112,13,上郡,63,0619,34,51.5,134,22.4,20
1113,14,的場山,63,0620,34,52.3,134,31.6,260
1114,15,姫路,63,47769,34,50.3,134,40.2,38.2
1115,16,名塩,63,0622,34,49.8,135,17.6,168
1116,17,六甲山,63,0623,34,45.8,135,16.2,620
1117,18,家島,63,0624,34,40.3,134,31.6,88
1118,19,明石,63,0625,34,41.2,134,52.6,3
1119,20,神戸,63,47770,34,41.8,135,12.7,5.3
1120,21,洲本,63,47776,34,20.3,134,54.3,109.3
1121,22,福良,63,0628,34,15.6,134,42.5,35
1122,23,西脇,63,0956,34,59.9,134,59.8,72
1123,24,大屋,63,0967,35,19.9,134,39.9,150
1124,25,福崎,63,0968,34,57.0,134,44.9,72
1125,26,三田,63,0969,34,53.7,135,12.7,150
1126,27,郡家,63,0970,34,28.0,134,50.9,5
1127,28,兎和野高原,63,0977,35,25.9,134,35.0,540
1128,29,三木,63,1227,34,46.6,135,00.8,145
1129,30,南淡,63,1337,34,13.1,134,43.2,5
1130,31,淡路町,63,1448,34,35.3,135,01.0,3
1131,32,芦屋,63,1449,34,44.5,135,18.4,50
1132,33,神戸塩屋,63,1450,34,38.5,135,04.5,60
1133,34,神戸空港,63,1587,34,37.9,135,13.4,5
1134,35,西宮,63,1588,34,45.0,135,20.1,38
1135,1,奈良,64,47780,34,41.6,135,49.6,104.4
1136,2,針,64,0630,34,36.3,135,57.1,468
1137,3,田原本,64,0631,34,33.3,135,47.1,50
1138,4,曽爾,64,0632,34,31.3,136,09.5,610
1139,5,大宇陀,64,0633,34,29.3,135,55.9,349
1140,6,高見山,64,0634,34,25.6,136,05.1,1190
1141,7,五條,64,0635,34,22.8,135,43.8,190
1142,8,天辻,64,0636,34,13.6,135,43.7,897
1143,9,山上ケ岳,64,0637,34,15.9,135,55.9,1485
1144,10,荒神岳,64,0638,34,09.4,135,39.4,1242
1145,11,日出岳,64,0639,34,11.1,136,06.5,1695
1146,12,上野地,64,0640,34,05.8,135,46.3,140
1147,13,玉置山,64,0641,33,55.6,135,49.8,1077
1148,14,上北山,64,0957,34,08.2,136,00.3,334
1149,15,風屋,64,1228,34,02.7,135,47.2,301
1150,16,高見,64,1366,34,25.4,136,04.3,830
1151,17,葛城,64,1376,34,29.3,135,42.2,141
1152,18,壷坂,64,1377,34,25.4,135,48.6,360
1153,19,吉野,64,1439,34,22.7,135,54.0,188
1154,20,天川,64,1619,34,16.2,135,53.0,840
1155,21,下北山,64,1649,34,00.2,135,58.0,249
1156,1,葛城山,65,0642,34,20.8,135,26.2,840
1157,2,和歌山,65,47777,34,13.7,135,09.8,13.9
1158,3,岩出,65,0644,34,15.5,135,19.2,25
1159,4,高野山,65,0645,34,13.3,135,35.4,795
1160,5,護摩壇山,65,0646,34,02.4,135,34.0,1130
1161,6,御坊,65,0647,33,53.8,135,09.5,4
1162,7,虎ケ峰峠,65,0648,33,51.2,135,27.3,607
1163,8,新宮,65,0649,33,41.2,135,58.2,18
1164,9,白浜,65,0650,33,40.7,135,20.8,32
1165,10,日置川,65,0651,33,36.3,135,28.8,17
1166,11,潮岬,65,47778,33,27.0,135,45.4,67.5
1167,12,栗栖川,65,0971,33,47.5,135,30.8,160
1168,13,湯浅,65,0978,34,02.1,135,10.9,8
1169,14,清水,65,1063,34,05.2,135,25.5,240
1170,15,本宮,65,1074,33,50.2,135,46.4,60
1171,16,龍神,65,1089,33,56.7,135,33.4,410
1172,17,色川,65,1172,33,40.5,135,50.9,275
1173,18,かつらぎ,65,1342,34,18.6,135,31.7,142
1174,19,西川,65,1347,33,38.3,135,42.6,150
1175,20,友ケ島,65,1457,34,16.8,135,00.0,43
1176,21,川辺,65,1485,33,53.6,135,13.0,84
1177,22,南紀白浜,65,1589,33,39.7,135,21.8,89
1178,1,大空山,66,0653,35,11.8,133,49.2,1040
1179,2,那岐山,66,0654,35,09.5,134,10.8,960
1180,3,今岡,66,0655,35,05.9,134,19.5,207
1181,4,久世,66,0656,35,04.1,133,45.2,144
1182,5,津山,66,47756,35,03.8,134,00.5,145.7
1183,6,新見,66,0658,34,56.6,133,31.1,393
1184,7,天子山,66,0659,34,59.3,133,52.7,646
1185,8,赤磐,66,0660,34,55.1,134,04.9,56
1186,9,陣山,66,0661,34,49.7,133,31.4,529
1187,10,大平山,66,0662,34,53.7,133,42.3,685
1188,11,福渡,66,0663,34,52.0,133,54.2,63
1189,12,和気,66,0664,34,48.9,134,11.0,35
1190,13,佐屋,66,0665,34,41.1,133,26.7,390
1191,14,矢掛,66,0666,34,37.0,133,37.1,18
1192,15,岡山,66,47768,34,41.2,133,55.5,5.3
1193,16,虫明,66,0668,34,40.9,134,12.4,10
1194,17,倉敷,66,0669,34,35.4,133,46.1,3
1195,18,玉野,66,0670,34,29.2,133,57.0,2
1196,19,笠岡,66,0919,34,30.1,133,29.7,0
1197,20,下呰部,66,0929,34,57.9,133,37.7,180
1198,21,高梁,66,0930,34,47.5,133,36.6,60
1199,22,奈義,66,1140,35,06.7,134,10.2,212
1200,23,上長田,66,1328,35,17.8,133,43.5,430
1201,24,千屋,66,1330,35,06.2,133,26.1,525
1202,25,恩原,66,1371,35,18.0,133,59.2,734
1203,26,日応寺,66,1531,34,45.4,133,51.3,239
1204,27,富,66,1584,35,10.7,133,48.3,480
1205,28,吉備中央,66,1585,34,49.0,133,42.3,340
1206,29,旭西,66,1618,34,57.7,133,48.7,230
1207,1,道後山,67,0671,35,03.4,133,11.3,729
1208,2,安田山,67,0672,34,55.3,132,48.9,638
1209,3,犬伏山,67,0673,34,48.3,132,36.9,786
1210,4,三次,67,0674,34,48.7,132,51.0,159
1211,5,庄原,67,0675,34,51.6,133,01.4,300
1212,6,大朝,67,0676,34,46.1,132,27.8,399
1213,7,加計,67,0677,34,36.6,132,19.2,210
1214,8,海見山,67,0678,34,36.4,132,28.7,805
1215,9,上下,67,0679,34,41.6,133,07.0,384
1216,10,内黒山,67,0680,34,35.8,132,10.6,987
1217,11,世羅,67,0681,34,35.0,133,03.0,350
1218,12,恵下谷山,67,0682,34,29.1,132,19.8,790
1219,13,東広島,67,0683,34,25.0,132,42.0,224
1220,14,福山,67,47767,34,26.8,133,14.8,1.6
1221,15,広島,67,47765,34,23.9,132,27.7,3.6
1222,16,竹原,67,0686,34,19.8,132,58.9,5
1223,17,生口島,67,0687,34,16.7,133,07.4,3
1224,18,大竹,67,0688,34,13.3,132,13.2,1
1225,19,呉,67,47766,34,14.4,132,33.0,3.5
1226,20,倉橋,67,0690,34,05.5,132,29.3,3
1227,21,高野,67,0947,35,02.0,132,54.1,570
1228,22,東城,67,0948,34,53.7,133,16.6,310
1229,23,甲田,67,0949,34,41.7,132,45.6,185
1230,24,三入,67,0950,34,32.7,132,31.8,70
1231,25,府中,67,0951,34,33.7,133,13.9,70
1232,26,河内,67,0952,34,28.1,132,53.6,90
1233,27,久比,67,0953,34,10.9,132,49.8,4
1234,28,志和,67,1163,34,29.9,132,39.6,215
1235,29,王泊,67,1257,34,41.9,132,18.7,525
1236,30,八幡,67,1262,34,42.5,132,10.4,774
1237,31,油木,67,1325,34,45.8,133,16.7,510
1238,32,廿日市津田,67,1326,34,21.9,132,11.4,317
1239,33,本郷,67,1472,34,26.1,132,55.1,331
1240,34,佐伯湯来,67,1575,34,29.9,132,17.4,206
1241,35,都志見,67,1579,34,38.8,132,26.6,400
1242,36,君田,67,1582,34,55.7,132,49.8,304
1243,37,美土里,67,1583,34,43.3,132,39.3,318
1244,38,安宿,67,1603,34,34.0,132,50.3,363
1245,39,呉市蒲刈,67,1606,34,09.9,132,44.9,48
1246,1,西郷,68,47740,36,12.2,133,20.0,26.5
1247,2,西ノ島,68,0692,36,06.6,133,02.4,3
1248,3,鹿島,68,0693,35,31.2,133,01.3,5
1249,4,斐川,68,0694,35,24.8,132,53.4,2
1250,5,松江,68,47741,35,27.4,133,03.9,16.9
1251,6,大東,68,0696,35,19.1,132,57.9,56
1252,7,大田,68,0697,35,11.4,132,29.8,30
1253,8,掛合,68,0698,35,11.8,132,48.9,215
1254,9,横田,68,0699,35,10.4,133,06.2,369
1255,10,吾妻山,68,0700,35,04.0,133,02.2,1012
1256,11,川本,68,0701,34,58.6,132,29.5,132
1257,12,浜田,68,47755,34,53.8,132,04.2,19
1258,13,三隅,68,0703,34,47.7,131,56.9,9
1259,14,益田,68,0704,34,40.6,131,50.6,4
1260,15,聖山,68,0705,34,38.2,132,08.7,1112
1261,16,十種峯,68,0706,34,26.4,131,41.7,902
1262,17,津和野,68,0707,34,27.7,131,46.2,165
1263,18,佐田,68,0954,35,13.3,132,43.4,100
1264,19,桜江,68,1093,34,57.2,132,20.0,32
1265,20,瑞穂,68,1094,34,51.2,132,31.8,327
1266,21,伯太,68,1095,35,21.0,133,16.4,23
1267,22,波佐,68,1175,34,46.8,132,11.8,370
1268,23,匹見,68,1176,34,34.3,132,01.0,259
1269,24,海士,68,1307,36,05.8,133,05.8,3
1270,25,出雲,68,1310,35,19.9,132,43.8,20
1271,26,赤名,68,1320,35,00.1,132,42.7,444
1272,27,弥栄,68,1321,34,46.6,132,06.5,380
1273,28,六日市,68,1322,34,21.2,131,56.1,311
1274,29,福光,68,1336,35,04.2,132,20.0,8
1275,30,原山,68,1362,34,51.9,132,24.3,741
1276,31,西郷岬,68,1473,36,10.7,133,19.4,80
1277,32,高津,68,1474,34,40.5,131,47.4,54
1278,33,吉賀,68,1592,34,23.5,131,53.6,250
1279,1,境,69,47742,35,32.6,133,14.1,2
1280,2,青谷,69,0709,35,31.2,133,59.8,13
1281,3,鳥取,69,47746,35,29.2,134,14.3,7.1
1282,4,岩井,69,0711,35,33.5,134,21.6,19
1283,5,米子,69,47744,35,26.0,133,20.3,6.5
1284,6,倉吉,69,0713,35,28.4,133,50.3,8
1285,7,菅俵原,69,0714,35,25.1,133,59.3,713
1286,8,霊石山,69,0715,35,24.7,134,12.8,320
1287,9,大山,69,0716,35,23.6,133,32.2,875
1288,10,古峠山,69,0717,35,16.1,133,26.3,594
1289,11,智頭,69,0718,35,15.8,134,14.4,182
1290,12,日南,69,0938,35,09.9,133,19.3,290
1291,13,関金,69,1177,35,22.7,133,45.4,150
1292,14,若桜,69,1178,35,20.0,134,24.3,231
1293,15,塩津,69,1231,35,31.4,133,34.0,15
1294,16,茶屋,69,1304,35,11.2,133,13.8,490
1295,17,佐治,69,1385,35,19.7,134,06.8,210
1296,18,江尾,69,1389,35,17.3,133,29.0,155
1297,19,鹿野,69,1391,35,24.8,134,01.0,210
1298,20,湖山,69,1519,35,31.8,134,09.9,15
1299,1,大山寺,71,0719,34,09.8,134,23.6,690
1300,2,池田,71,0720,34,01.4,133,47.7,214
1301,3,徳島,71,47895,34,04.0,134,34.4,1.6
1302,4,江田山,71,0722,33,55.3,134,15.9,1100
1303,5,太竜寺山,71,0723,33,52.4,134,31.7,600
1304,6,日和佐,71,0724,33,43.9,134,32.3,3
1305,7,宍喰,71,0725,33,33.8,134,18.3,4
1306,8,穴吹,71,0972,34,02.4,134,09.4,160
1307,9,福原旭,71,1098,33,52.7,134,23.3,290
1308,10,蒲生田,71,1242,33,50.2,134,44.5,10
1309,11,京上,71,1252,33,52.0,133,54.2,560
1310,12,半田,71,1327,33,59.4,134,02.2,228
1311,13,木頭,71,1352,33,46.3,134,12.3,330
1312,14,旭丸,71,1358,33,56.0,134,19.6,1200
1313,15,剣山,71,47894,33,51.2,134,05.8,1944.8
1314,16,海陽,71,1604,33,36.7,134,21.3,5
1315,1,内海,72,0726,34,28.3,134,16.4,20
1316,2,高松,72,47891,34,19.0,134,03.2,8.7
1317,3,多度津,72,47890,34,16.5,133,45.1,3.7
1318,4,滝宮,72,0729,34,14.2,133,55.4,60
1319,5,引田,72,0730,34,12.8,134,24.4,12
1320,6,竜王山,72,0731,34,06.8,134,03.0,1040
1321,7,財田,72,1239,34,07.2,133,46.3,65
1322,8,香南,72,1475,34,12.8,134,00.9,185
1323,1,大三島,73,0732,34,15.0,133,00.4,9
1324,2,玉川,73,0733,34,01.1,132,56.4,67
1325,3,新居浜,73,0734,33,56.2,133,20.3,90
1326,4,四国中央,73,0735,33,58.9,133,34.9,75
1327,5,松山,73,47887,33,50.6,132,46.6,32.2
1328,6,上林,73,0737,33,44.3,132,53.4,460
1329,7,成就社,73,0738,33,47.7,133,07.9,1280
1330,8,長浜,73,0739,33,37.0,132,28.8,4
1331,9,中山,73,0740,33,38.3,132,42.5,163
1332,10,久万,73,0741,33,39.8,132,53.7,511
1333,11,獅子越峠,73,0742,33,32.6,132,49.9,1000
1334,12,八幡浜,73,0743,33,26.9,132,26.0,8
1335,13,宇和島,73,47892,33,13.6,132,33.1,2.4
1336,14,御荘,73,0745,32,57.8,132,34.2,12
1337,15,西条,73,0958,33,54.9,133,04.8,4
1338,16,大洲,73,0959,33,30.5,132,32.1,20
1339,17,三崎,73,0960,33,23.2,132,07.3,2
1340,18,宇和,73,0961,33,22.0,132,30.2,200
1341,19,今治,73,1077,34,03.2,132,58.5,27
1342,20,富郷,73,1260,33,54.9,133,30.6,310
1343,21,近永,73,1350,33,15.2,132,40.5,129
1344,22,瀬戸,73,1456,33,26.8,132,15.4,143
1345,23,松山南吉田,73,1521,33,49.6,132,41.9,4
1346,1,本山,74,0746,33,45.2,133,34.5,252
1347,2,繁藤,74,0747,33,40.7,133,41.1,346
1348,3,佐川,74,0748,33,30.7,133,16.3,80
1349,4,成山,74,0749,33,35.5,133,24.0,737
1350,5,高知,74,47893,33,34.0,133,32.9,0.5
1351,6,南国,74,0751,33,35.6,133,38.6,10
1352,7,芸西,74,0752,33,33.1,133,50.3,420
1353,8,鳥形山,74,0753,33,28.8,133,05.0,835
1354,9,船戸,74,0754,33,25.0,133,05.3,428
1355,10,安芸,74,0755,33,29.3,133,56.0,6
1356,11,須崎,74,0756,33,23.1,133,16.6,4
1357,12,佐喜浜,74,0757,33,23.6,134,12.3,12
1358,13,窪川,74,0758,33,12.4,133,07.7,205
1359,14,室戸岬,74,47899,33,15.1,134,10.6,185
1360,15,堂ケ森,74,0760,33,09.5,132,52.6,857
1361,16,大正,74,0761,33,11.6,132,58.3,150
1362,17,宿毛,74,47897,32,55.2,132,41.7,2.2
1363,18,中村,74,0763,32,59.4,132,55.2,8
1364,19,清水,74,47898,32,43.3,133,00.6,31
1365,20,梼原,74,0921,33,23.4,132,55.3,415
1366,21,田野,74,0955,33,25.6,134,00.4,17
1367,22,池川,74,1179,33,36.5,133,10.1,150
1368,23,大栃,74,1229,33,41.9,133,52.5,210
1369,24,佐賀,74,1233,33,04.7,133,06.1,3
1370,25,江川崎,74,1235,33,10.2,132,47.5,72
1371,26,後免,74,1249,33,35.4,133,38.6,12
1372,27,魚梁瀬,74,1281,33,36.9,134,06.5,450
1373,28,本川,74,1351,33,45.9,133,20.3,550
1374,29,南国日章,74,1476,33,32.7,133,40.1,9
1375,30,三崎,74,1556,32,47.7,132,52.3,9
1376,1,須佐,81,0765,34,36.9,131,37.4,50
1377,2,萩,81,47754,34,24.6,131,24.3,2.2
1378,3,徳佐,81,0767,34,23.9,131,43.5,310
1379,4,鍋提峠,81,0768,34,15.9,131,05.7,400
1380,5,秋吉台,81,0769,34,14.1,131,18.4,240
1381,6,瀬戸原,81,0770,34,12.9,131,34.9,338
1382,7,広瀬,81,0771,34,15.7,131,57.1,97
1383,8,豊田,81,0772,34,11.2,131,04.6,40
1384,9,桜山,81,0773,34,08.9,131,13.1,451
1385,10,山口,81,47784,34,09.7,131,27.7,18.1
1386,11,防府,81,0775,34,02.4,131,32.0,4
1387,12,下松,81,0776,34,00.6,131,52.3,27
1388,13,下関,81,47762,33,56.9,130,55.5,3.3
1389,14,宇部,81,0778,33,55.8,131,16.7,5
1390,15,安下庄,81,0779,33,54.2,132,17.6,5
1391,16,玖珂,81,0913,34,05.7,132,04.5,68
1392,17,油谷,81,0939,34,22.2,131,03.3,20
1393,18,岩国,81,0940,34,09.3,132,10.7,41
1394,19,周東,81,0941,34,05.3,132,02.7,45
1395,20,柳井,81,0942,33,57.5,132,06.8,3
1396,21,羅漢山,81,1100,34,21.0,132,03.8,945
1397,22,長野山,81,1101,34,16.7,131,52.9,970
1398,23,和田,81,1261,34,08.9,131,44.1,140
1399,24,篠生,81,1367,34,18.2,131,34.6,205
1400,25,鹿野,81,1614,34,13.5,131,48.9,368
1401,26,東厚保,81,1620,34,07.1,131,10.9,56
1402,1,八幡,82,0780,33,51.1,130,44.6,20
1403,2,小倉,82,0781,33,50.1,130,56.8,3
1404,3,行橋,82,0782,33,42.8,130,58.5,9
1405,4,篠栗,82,0783,33,38.3,130,32.7,376
1406,5,飯塚,82,47809,33,39.1,130,41.6,37.1
1407,6,前原,82,0785,33,33.6,130,11.4,5
1408,7,福岡,82,47807,33,34.9,130,22.5,2.5
1409,8,九千部山,82,0787,33,25.0,130,26.7,852
1410,9,朝倉,82,0788,33,24.3,130,41.7,36
1411,10,英彦山,82,0789,33,29.3,130,55.4,823
1412,11,久留米,82,0790,33,18.2,130,29.6,7
1413,12,耳納山,82,0791,33,17.5,130,37.5,607
1414,13,黒木,82,0792,33,13.5,130,38.7,144
1415,14,大牟田,82,0793,33,00.4,130,28.0,40
1416,15,宗像,82,0943,33,48.5,130,32.3,7
1417,16,頂吉,82,0944,33,44.5,130,50.6,180
1418,17,柳川,82,0945,33,09.6,130,24.2,7
1419,18,添田,82,1046,33,33.5,130,51.3,92
1420,19,太宰府,82,1141,33,29.8,130,29.4,52
1421,20,博多,82,1477,33,35.0,130,27.1,9
1422,21,曽根,82,1527,33,50.1,130,56.8,3
1423,22,空港北町,82,1590,33,50.7,131,02.1,7
1424,23,早良脇山,82,1611,33,29.3,130,21.2,83
1425,24,東谷,82,1637,33,46.7,130,51.9,55
1426,25,小呂島,82,1657,33,51.8,130,02.1,49
1427,1,中津,83,0794,33,35.2,131,14.7,12
1428,2,豊後高田,83,0795,33,34.2,131,26.0,5
1429,3,武蔵,83,0796,33,28.7,131,44.2,5
1430,4,伏木,83,0797,33,22.5,130,58.9,420
1431,5,日田,83,47814,33,19.3,130,55.7,82.9
1432,6,湯布院,83,0799,33,15.2,131,20.8,435
1433,7,大分,83,47815,33,14.1,131,37.1,4.6
1434,8,佐賀関,83,0801,33,14.9,131,51.9,1
1435,9,釈迦岳,83,0802,33,11.3,130,53.5,1200
1436,10,湯平,83,0803,33,11.1,131,19.9,805
1437,11,温見,83,0804,33,04.5,131,25.8,591
1438,12,犬飼,83,0805,33,03.9,131,37.9,100
1439,13,竹田,83,0806,32,58.4,131,23.9,261
1440,14,出羽,83,0807,32,58.1,131,40.1,473
1441,15,佐伯,83,0808,32,57.0,131,54.1,2
1442,16,倉木,83,0809,32,53.7,131,23.7,483
1443,17,蒲江,83,0810,32,47.7,131,55.4,2
1444,18,院内,83,0931,33,25.2,131,19.0,90
1445,19,玖珠,83,0932,33,17.5,131,09.3,331
1446,20,臼杵,83,0933,33,07.9,131,47.8,30
1447,21,耶馬渓,83,0979,33,26.7,131,06.9,100
1448,22,国見,83,1137,33,40.5,131,35.4,14
1449,23,宇目,83,1142,32,50.7,131,40.5,200
1450,24,別府,83,1157,33,21.0,131,28.5,263
1451,25,杵築,83,1237,33,25.0,131,35.8,5
1452,26,椿ヶ鼻,83,1554,33,11.4,130,54.9,843
1453,1,佐須奈,84,0811,34,38.4,129,24.0,5
1454,2,厳原,84,47800,34,11.8,129,17.5,3.7
1455,3,平戸,84,47805,33,21.6,129,33.0,57.8
1456,4,松浦,84,0814,33,20.5,129,42.7,14
1457,5,国見山,84,0815,33,14.1,129,48.8,769
1458,6,佐世保,84,47812,33,09.5,129,43.6,3.9
1459,7,大瀬戸,84,0817,32,56.9,129,37.9,43
1460,8,長浦岳,84,0818,32,54.5,129,44.3,510
1461,9,五家原岳,84,0819,32,56.5,130,04.6,776
1462,10,諫早,84,0820,32,50.6,130,01.5,15
1463,11,長崎,84,47817,32,44.0,129,52.0,26.9
1464,12,雲仙岳,84,47818,32,44.2,130,15.7,677.5
1465,13,福江,84,47843,32,41.6,128,49.6,25.1
1466,14,口之津,84,0922,32,36.7,130,11.6,13
1467,15,島原,84,0962,32,45.6,130,21.7,14
1468,16,有川,84,1080,32,58.9,129,07.1,11
1469,17,大村,84,1084,32,55.0,129,54.8,3
1470,18,有川,84,1138,32,58.9,129,07.1,11
1471,19,芦辺,84,1144,33,48.0,129,43.3,97
1472,20,野母崎,84,1441,32,34.7,129,44.4,190
1473,21,深江,84,1442,32,43.6,130,18.9,200
1474,22,普賢岳,84,1446,32,45.0,130,17.1,1100
1475,23,百花台,84,1451,32,49.2,130,17.5,210
1476,24,千々石,84,1452,32,47.2,130,11.9,20
1477,25,鰐浦,84,1453,34,41.9,129,26.7,63
1478,26,石田,84,1478,33,44.9,129,47.1,12
1479,27,上大津,84,1479,32,39.9,128,49.9,77
1480,28,小値賀,84,1535,33,11.4,129,05.4,8
1481,29,頭ヶ島,84,1536,33,00.8,129,11.5,80
1482,30,美津島,84,1538,34,17.1,129,19.8,63
1483,1,枝去木,85,0824,33,29.9,129,53.9,110
1484,2,和多田,85,0825,33,25.5,129,59.1,5
1485,3,権現山,85,0826,33,24.0,130,14.2,590
1486,4,八幡岳,85,0827,33,16.9,130,01.6,761
1487,5,佐賀,85,47813,33,15.9,130,18.3,5.5
1488,6,白石,85,0829,33,11.0,130,08.9,2
1489,7,嬉野,85,0830,33,07.0,129,59.7,81
1490,8,多良岳,85,0831,32,58.3,130,09.3,395
1491,9,伊万里,85,1075,33,16.0,129,52.7,25
1492,10,川副,85,1480,33,08.9,130,18.1,2
1493,11,唐津,85,1610,33,27.5,129,57.3,23
1494,12,鳥栖,85,1612,33,23.1,130,31.0,25
1495,13,北山,85,1616,33,24.8,130,13.2,339
1496,1,鹿北,86,0832,33,06.9,130,41.5,119
1497,2,南小国,86,0833,33,06.2,131,04.0,448
1498,3,岱明,86,0834,32,54.9,130,30.7,15
1499,4,菊池,86,0835,32,56.7,130,46.9,83
1500,5,鞍岳,86,0836,32,57.0,130,55.1,640
1501,6,熊本,86,47819,32,48.8,130,42.4,37.7
1502,7,俵山,86,0838,32,51.0,130,58.6,850
1503,8,阿蘇山,86,47821,32,52.8,131,04.4,1142.3
1504,9,高森,86,0840,32,49.3,131,07.5,555
1505,10,間の谷山,86,0841,32,42.4,130,56.4,640
1506,11,甲佐,86,0842,32,38.7,130,48.6,36
1507,12,松島,86,0843,32,30.9,130,26.8,2
1508,13,大金峰,86,0844,32,33.8,130,54.3,1193
1509,14,本渡,86,0845,32,28.1,130,10.8,30
1510,15,八代,86,0846,32,28.4,130,36.4,8
1511,16,人吉,86,47824,32,13.0,130,45.3,145.8
1512,17,牛深,86,47838,32,11.8,130,01.6,3
1513,18,一里山,86,0850,32,12.0,130,38.4,650
1514,19,白髪岳,86,0851,32,10.3,130,54.6,925
1515,20,益城,86,0923,32,50.2,130,51.3,193
1516,21,水俣,86,0924,32,12.3,130,24.4,6
1517,22,多良木,86,0925,32,17.7,130,57.0,210
1518,23,上,86,0926,32,13.5,130,54.3,166
1519,24,田浦,86,0946,32,21.8,130,30.5,3
1520,25,三角,86,1081,32,36.7,130,28.7,60
1521,26,湯前横谷,86,1086,32,15.8,131,02.6,665
1522,27,茶臼峠,86,1088,32,21.3,130,54.5,1060
1523,28,屋形山,86,1156,32,18.6,130,44.1,780
1524,29,五家荘,86,1158,32,29.4,130,54.3,580
1525,30,阿蘇乙姫,86,1240,32,56.4,131,02.4,497
1526,31,五木,86,1368,32,23.7,130,49.6,310
1527,32,山江,86,1435,32,18.1,130,44.8,218
1528,33,宇土,86,1580,32,42.0,130,39.4,6
1529,34,一勝地,86,1581,32,14.7,130,38.7,120
1530,35,戦山,86,0847,32,07.6,130,43.3,850
1531,36,山都,86,1613,32,42.7,130,57.5,574
1532,37,南阿蘇,86,1660,32,49.9,131,00.8,393
1533,1,高千穂,87,0852,32,42.7,131,17.4,350
1534,2,大中尾,87,0853,32,33.9,131,21.0,380
1535,3,中小屋,87,0854,32,33.9,131,23.8,820
1536,4,延岡,87,47822,32,34.9,131,39.4,19.2
1537,5,猪原,87,0856,32,25.0,131,22.1,520
1538,6,日向,87,0857,32,24.5,131,36.0,20
1539,7,矢櫃岳,87,0858,32,18.8,131,23.7,964
1540,8,高鍋,87,0859,32,07.4,131,31.6,4
1541,9,加久藤,87,0860,32,02.8,130,48.6,228
1542,10,西都,87,0861,32,03.8,131,24.8,8
1543,11,えびの,87,0862,31,56.7,130,50.4,1150
1544,12,小林,87,0863,32,00.0,130,57.2,276
1545,13,野尻,87,0864,31,57.4,131,09.4,182
1546,14,国富,87,0865,32,00.4,131,17.8,66
1547,15,宮崎,87,47830,31,56.3,131,24.8,9.2
1548,16,霧島御池,87,0867,31,51.1,130,56.9,500
1549,17,青島,87,0868,31,48.2,131,27.6,8
1550,18,都城,87,47829,31,43.8,131,04.9,153.8
1551,19,鰐塚山,87,0870,31,46.1,131,16.0,1082
1552,20,油津,87,47835,31,34.7,131,24.4,2.9
1553,21,串間,87,0872,31,27.9,131,13.2,20
1554,22,古江,87,1135,32,42.7,131,49.2,14
1555,23,深瀬,87,1164,31,38.2,131,15.0,130
1556,24,見立,87,1275,32,47.0,131,26.9,530
1557,25,諸塚,87,1343,32,31.0,131,20.1,150
1558,26,西米良,87,1345,32,14.5,131,09.1,258
1559,27,鞍岡,87,1348,32,38.6,131,09.4,590
1560,28,神門,87,1353,32,23.1,131,19.9,250
1561,29,北方,87,1432,32,33.7,131,31.5,30
1562,30,上椎葉,87,1433,32,27.9,131,09.4,420
1563,31,赤江,87,1481,31,52.6,131,26.9,6
1564,32,都農,87,1608,32,17.0,131,32.5,61
1565,33,日之影,87,1609,32,40.9,131,24.4,262
1566,34,高原,87,1623,31,55.7,131,00.4,211
1567,35,山田,87,1624,31,48.8,131,02.3,165
1568,36,椎葉,87,1636,32,28.5,131,06.2,517
1569,37,田野,87,1663,31,50.6,131,18.5,134
1570,1,阿久根,88,47823,32,01.6,130,12.0,40.1
1571,2,古原野,88,0874,32,05.0,130,30.8,540
1572,3,大口,88,0875,32,02.8,130,37.6,175
1573,4,魚野越,88,0876,32,01.7,130,42.7,460
1574,5,紫尾山,88,0877,31,58.8,130,22.0,1060
1575,6,さつま柏原,88,0878,31,55.0,130,27.3,59
1576,7,中甑,88,0879,31,50.1,129,52.0,10
1577,8,川内,88,0880,31,50.0,130,18.9,5
1578,9,溝辺,88,0881,31,48.2,130,43.1,272
1579,10,八重山,88,0882,31,44.8,130,26.3,533
1580,11,東市来,88,0883,31,40.1,130,19.7,40
1581,12,権現ケ尾,88,0884,31,30.5,130,27.8,397
1582,13,鹿児島,88,47827,31,33.3,130,32.8,3.9
1583,14,高峠,88,0886,31,30.7,130,44.7,520
1584,15,加世田,88,0887,31,24.9,130,19.5,9
1585,16,吉ケ別府,88,0888,31,27.7,130,51.6,100
1586,17,喜入,88,0890,31,23.2,130,32.4,4
1587,18,肝属川,88,0891,31,21.0,130,56.9,8
1588,19,枕崎,88,47831,31,16.3,130,17.5,29.5
1589,20,指宿,88,0893,31,15.0,130,38.2,5
1590,21,甫与志岳,88,0894,31,15.3,130,57.3,550
1591,22,内之浦,88,0895,31,16.6,131,03.3,8
1592,23,種子島,88,47837,30,43.2,130,58.9,24.9
1593,24,中種子,88,0897,30,36.3,130,59.5,234
1594,25,上中,88,0898,30,24.4,130,54.1,150
1595,26,尾之間,88,0899,30,14.1,130,33.3,60
1596,27,名瀬,88,47909,28,22.7,129,29.7,2.8
1597,28,屋久島,88,47836,30,23.1,130,39.5,37.3
1598,29,沖永良部,88,47942,27,25.9,128,42.3,26.8
1599,30,出水,88,0934,32,05.6,130,21.1,11
1600,31,牧之原,88,0935,31,39.7,130,50.6,387
1601,32,志布志,88,0936,31,28.7,131,05.7,70
1602,33,鹿屋,88,0937,31,23.5,130,51.8,80
1603,34,古仁屋,88,0980,28,08.6,129,18.9,2
1604,35,矢止岳,88,1104,31,51.2,130,33.5,500
1605,36,田代,88,1136,31,11.9,130,50.6,182
1606,37,伊仙,88,1139,27,40.6,128,58.4,44
1607,38,輝北,88,1146,31,35.3,130,51.3,360
1608,39,大隅,88,1149,31,34.8,131,00.3,170
1609,40,佐多,88,1161,31,05.6,130,41.4,27
1610,41,肝付前田,88,1181,31,20.4,130,56.3,31
1611,42,与論島,88,1277,27,02.6,128,24.1,14
1612,43,喜界島,88,1296,28,19.2,129,55.6,5
1613,44,笠利,88,1520,28,25.8,129,42.7,4
1614,45,中之島,88,1540,29,50.4,129,52.0,220
1615,46,天城,88,1542,27,50.1,128,52.8,2
1616,47,霧島牧園,88,1625,31,53.1,130,49.2,527
1617,48,宝島,88,1647,29,09.1,129,12.1,33
1618,49,諏訪之瀬島,88,1654,29,36.6,129,42.3,111
1619,50,小宝島,88,1655,29,13.5,129,19.7,10
1620,51,平島,88,1658,29,41.0,129,31.7,97
1621,1,奥,91,0901,26,50.1,128,16.3,232
1622,2,与那覇岳,91,0902,26,43.6,128,12.9,375
1623,3,呉我山,91,0903,26,39.9,127,58.2,86
1624,4,名護,91,47940,26,35.6,127,57.9,6.1
1625,5,名嘉真,91,0905,26,30.8,127,54.8,75
1626,6,読谷,91,0906,26,24.3,127,44.5,99
1627,7,胡屋,91,0907,26,19.6,127,48.3,86
1628,8,那覇,91,47936,26,12.4,127,41.2,28.1
1629,9,糸数,91,0909,26,09.2,127,45.9,186
1630,10,金武,91,1064,26,27.2,127,51.5,8
1631,11,石垣島,91,47918,24,20.2,124,09.8,5.7
1632,12,伊原間,91,1145,24,30.5,124,16.8,15
1633,13,伊是名,91,1147,26,56.9,127,56.4,14
1634,14,宮古島,91,47927,24,47.6,125,16.7,39.9
1635,15,久米島,91,47929,26,20.2,126,48.2,5
1636,16,渡嘉敷,91,1152,26,12.6,127,21.8,220
1637,17,伊良部,91,1246,24,49.6,125,10.3,10
1638,18,多良間,91,1247,24,40.0,124,41.8,16
1639,19,城辺,91,1248,24,44.6,125,24.6,55
1640,20,川平,91,1250,24,28.0,124,08.4,7
1641,21,大原,91,1251,24,15.9,123,52.3,33
1642,22,西表島,91,47917,24,25.6,123,45.9,9.9
1643,23,与那国島,91,47912,24,28.0,123,00.6,30
1644,24,波照間,91,1354,24,03.3,123,46.0,38
1645,25,南大東（南大東島）,91,47945,25,49.7,131,13.7,15.3
1646,26,本部,91,1373,26,41.1,127,53.9,25
1647,27,東,91,1374,26,37.9,128,09.2,24
1648,28,安次嶺,91,1482,26,11.7,127,38.7,3
1649,29,鏡原,91,1483,24,46.9,125,17.7,43
1650,30,真栄里,91,1484,24,20.6,124,11.2,26
1651,31,下地,91,1490,24,49.6,125,08.6,8
1652,32,仲筋,91,1491,24,39.2,124,40.5,10
1653,33,所野,91,1493,24,28.0,122,58.7,15
1654,34,志多阿原,91,1494,24,03.5,123,48.2,13
1655,35,粟国,91,1515,26,35.5,127,14.4,12
1656,36,慶良間,91,1516,26,10.1,127,17.6,48
1657,37,北大東,91,1517,25,56.6,131,19.6,22
1658,38,旧東,91,1518,25,50.8,131,15.8,48
1659,39,北原,91,1534,26,21.8,126,42.8,7
1660,40,国頭,91,1586,26,43.7,128,10.7,8
1661,41,宮城島,91,1596,26,21.8,127,58.3,100
1662,42,盛山,91,1639,24,23.7,124,14.7,31
1663,43,渡名喜,91,1651,26,22.4,127,08.5,7
1664,1,昭和,99,89532,-69,00.3,039,34.8,18.4
